suite	fixture_path	project_scenario	upstream_case_json	relevant_configuration	fixture_role	oracle_expectation	rust_test_mapping	coverage_status
projects	projects/CircularReferencing-2/a.ts	circular referencing - 2	project/circularReferencing2.json	"runner=project/circularReferencing2.json:{""scenario"":""circular referencing - 2"",""inputFiles"":[""a.ts""],""runTest"":true} || checked_in_tsconfig=none"	explicit runner input or project input	TS-Go 7.0.2 omits the unused cycle-closing import from a.js in an equivalent relative-ESM project; the original fixture uses import-equals syntax.	should_elide_unused_cycle_import_given_commonjs_project_when_emitting_javascript	"oracle-verified equivalent project emit; focused Rust test is red because a.js retains require(""./c"")"
projects	projects/CircularReferencing-2/b.ts	circular referencing - 2	project/circularReferencing2.json	"runner=project/circularReferencing2.json:{""scenario"":""circular referencing - 2"",""inputFiles"":[""a.ts""],""runTest"":true} || checked_in_tsconfig=none"	fixture under a runner project root; exact input selection/options are listed per case	TS-Go 7.0.2 omits the unused cycle-closing import from a.js in an equivalent relative-ESM project; the original fixture uses import-equals syntax.	should_elide_unused_cycle_import_given_commonjs_project_when_emitting_javascript	"oracle-verified equivalent project emit; focused Rust test is red because a.js retains require(""./c"")"
projects	projects/CircularReferencing-2/c.ts	circular referencing - 2	project/circularReferencing2.json	"runner=project/circularReferencing2.json:{""scenario"":""circular referencing - 2"",""inputFiles"":[""a.ts""],""runTest"":true} || checked_in_tsconfig=none"	fixture under a runner project root; exact input selection/options are listed per case	TS-Go 7.0.2 omits the unused cycle-closing import from a.js in an equivalent relative-ESM project; the original fixture uses import-equals syntax.	should_elide_unused_cycle_import_given_commonjs_project_when_emitting_javascript	"oracle-verified equivalent project emit; focused Rust test is red because a.js retains require(""./c"")"
projects	projects/CircularReferencing/consume.ts	CircularReferencing	project/circularReferencing.json	"runner=project/circularReferencing.json:{""scenario"":""CircularReferencing"",""inputFiles"":[""consume.ts""]} || checked_in_tsconfig=none"	explicit runner input or project input	TS-Go 7.0.2 reports TS7023 for equivalent ES-module cyclic calls under strict ES2015 CommonJS project settings; original import-equals runner behavior remains separate.	should_report_implicit_any_return_given_circular_imported_calls_when_compiling_project	oracle-verified equivalent cyclic-call case; focused Rust project test is red without TS7023
projects	projects/CircularReferencing/decl.ts	CircularReferencing	project/circularReferencing.json	"runner=project/circularReferencing.json:{""scenario"":""CircularReferencing"",""inputFiles"":[""consume.ts""]} || checked_in_tsconfig=none"	fixture under a runner project root; exact input selection/options are listed per case	TS-Go 7.0.2 reports TS7023 for equivalent ES-module cyclic calls under strict ES2015 CommonJS project settings; original import-equals runner behavior remains separate.	should_report_implicit_any_return_given_circular_imported_calls_when_compiling_project	oracle-verified equivalent cyclic-call case; focused Rust project test is red without TS7023
projects	projects/DeclareExportAdded/consumer.ts	declare export added	project/declareExportAdded.json	"runner=project/declareExportAdded.json:{""scenario"":""declare export added"",""inputFiles"":[""consumer.ts""]} || checked_in_tsconfig=none"	explicit runner input or project input	"Pinned TS-Go 7.0.2 CLI preserves `///<reference path=""ref.d.ts"" />` in emitted `consumer.js` for `consumer.ts`."	should_preserve_triple_slash_reference_given_declaration_path_when_emitting_javascript	oracle-verified-focused-behavior-test
projects	projects/DeclareExportAdded/ref.d.ts	declare export added	project/declareExportAdded.json	"runner=project/declareExportAdded.json:{""scenario"":""declare export added"",""inputFiles"":[""consumer.ts""]} || checked_in_tsconfig=none"	fixture under a runner project root; exact input selection/options are listed per case	Oracle gap: pinned TS-Go sparse checkout has no project-suite reference baseline for this fixture; runner JSON supplies scenario/options only, and this case has not been independently executed through TS-Go CLI.		mapped to upstream runner case(s); pending focused Rust behavior test and direct oracle check
projects	projects/InvalidReferences/main.ts	Visibility of type used across modules - 2	project/visibilityOfTypeUsedAcrossModules2.json	"runner=project/visibilityOfTypeUsedAcrossModules2.json:{""scenario"":""Visibility of type used across modules - 2"",""inputFiles"":[""main.ts""]} || checked_in_tsconfig=none"	explicit runner input or project input	TypeScript-Go v7.0.2 CLI run on this exact input emits TS1006 for the self-reference and TS6053 for each missing referenced file.	should_report_source_reference_to_itself_given_triple_slash_directive_when_running_compiler_cli;should_report_missing_source_references_given_unresolved_triple_slash_paths_when_running_compiler_cli	oracle-verified by direct CLI invocation; two focused red Rust behavior tests
projects	projects/ModuleIdentifier/consume.ts	module identifier	project/moduleIdentifier.json	"runner=project/moduleIdentifier.json:{""scenario"":""module identifier"",""inputFiles"":[""consume.ts""],""runTest"":true} || checked_in_tsconfig=none"	explicit runner input or project input	Pinned TS-Go 7.0.2 with --module commonjs succeeds and emits const M = require(./decl); for the sibling module.	should_emit_module_identifier_as_commonjs_require_given_sibling_module_when_running_compiler_cli	oracle-verified-focused-behavior-test
projects	projects/ModuleIdentifier/decl.ts	module identifier	project/moduleIdentifier.json	"runner=project/moduleIdentifier.json:{""scenario"":""module identifier"",""inputFiles"":[""consume.ts""],""runTest"":true} || checked_in_tsconfig=none"	fixture under a runner project root; exact input selection/options are listed per case	Oracle gap: pinned TS-Go sparse checkout has no project-suite reference baseline for this fixture; runner JSON supplies scenario/options only, and this case has not been independently executed through TS-Go CLI.		mapped to upstream runner case(s); pending focused Rust behavior test and direct oracle check
projects	projects/MultipleLevels/A/A.ts	MultipleLevel module resolution	project/multipleLevelsModuleResolution.json	"runner=project/multipleLevelsModuleResolution.json:{""scenario"":""MultipleLevel module resolution"",""inputFiles"":[""root.ts""]} || checked_in_tsconfig=none"	fixture under a runner project root; exact input selection/options are listed per case	Oracle gap: pinned TS-Go sparse checkout has no project-suite reference baseline for this fixture; runner JSON supplies scenario/options only, and this case has not been independently executed through TS-Go CLI.		mapped to upstream runner case(s); pending focused Rust behavior test and direct oracle check
projects	projects/MultipleLevels/A/AA/AA.ts	MultipleLevel module resolution	project/multipleLevelsModuleResolution.json	"runner=project/multipleLevelsModuleResolution.json:{""scenario"":""MultipleLevel module resolution"",""inputFiles"":[""root.ts""]} || checked_in_tsconfig=none"	fixture under a runner project root; exact input selection/options are listed per case	Oracle gap: pinned TS-Go sparse checkout has no project-suite reference baseline for this fixture; runner JSON supplies scenario/options only, and this case has not been independently executed through TS-Go CLI.		mapped to upstream runner case(s); pending focused Rust behavior test and direct oracle check
projects	projects/MultipleLevels/B/B.ts	MultipleLevel module resolution	project/multipleLevelsModuleResolution.json	"runner=project/multipleLevelsModuleResolution.json:{""scenario"":""MultipleLevel module resolution"",""inputFiles"":[""root.ts""]} || checked_in_tsconfig=none"	fixture under a runner project root; exact input selection/options are listed per case	Pinned TS-Go 7.0.2 with `--module commonjs --noEmit` compiles B/B.ts and resolves its nested import-equals dependencies.	should_resolve_nested_import_equals_dependencies_given_multilevel_project_when_running_compiler_cli	oracle-verified-focused-behavior-test
projects	projects/MultipleLevels/b.ts	MultipleLevel module resolution	project/multipleLevelsModuleResolution.json	"runner=project/multipleLevelsModuleResolution.json:{""scenario"":""MultipleLevel module resolution"",""inputFiles"":[""root.ts""]} || checked_in_tsconfig=none"	fixture under a runner project root; exact input selection/options are listed per case	Oracle gap: pinned TS-Go sparse checkout has no project-suite reference baseline for this fixture; runner JSON supplies scenario/options only, and this case has not been independently executed through TS-Go CLI.		mapped to upstream runner case(s); pending focused Rust behavior test and direct oracle check
projects	projects/MultipleLevels/root.ts	MultipleLevel module resolution	project/multipleLevelsModuleResolution.json	"runner=project/multipleLevelsModuleResolution.json:{""scenario"":""MultipleLevel module resolution"",""inputFiles"":[""root.ts""]} || checked_in_tsconfig=none"	explicit runner input or project input	Oracle gap: pinned TS-Go sparse checkout has no project-suite reference baseline for this fixture; runner JSON supplies scenario/options only, and this case has not been independently executed through TS-Go CLI.		mapped to upstream runner case(s); pending focused Rust behavior test and direct oracle check
projects	projects/NestedDeclare/consume.ts	nested declare	project/nestedDeclare.json	"runner=project/nestedDeclare.json:{""scenario"":""nested declare"",""inputFiles"":[""consume.ts""]} || checked_in_tsconfig=none"	explicit runner input or project input	TS-Go 7.0.2 parses the quoted ambient module declaration; default options additionally report TS7010 because baz has no return annotation.	should_parse_ambient_module_given_quoted_module_declaration_when_building_syntax_tree	oracle-verified; mapped to focused red Rust syntax test
projects	projects/NestedLocalModule-SimpleCase/test1.ts	nested local module - simple case	project/nestedLocalModuleSimpleCase.json	"runner=project/nestedLocalModuleSimpleCase.json:{""scenario"":""nested local module - simple case"",""inputFiles"":[""test1.ts""]} || checked_in_tsconfig=none"	explicit runner input or project input	Oracle gap: pinned TS-Go sparse checkout has no project-suite reference baseline for this fixture; runner JSON supplies scenario/options only, and this case has not been independently executed through TS-Go CLI.		mapped to upstream runner case(s); pending focused Rust behavior test and direct oracle check
projects	projects/NestedLocalModule-SimpleCase/test2.ts	nested local module - simple case	project/nestedLocalModuleSimpleCase.json	"runner=project/nestedLocalModuleSimpleCase.json:{""scenario"":""nested local module - simple case"",""inputFiles"":[""test1.ts""]} || checked_in_tsconfig=none"	fixture under a runner project root; exact input selection/options are listed per case	Oracle gap: pinned TS-Go sparse checkout has no project-suite reference baseline for this fixture; runner JSON supplies scenario/options only, and this case has not been independently executed through TS-Go CLI.		mapped to upstream runner case(s); pending focused Rust behavior test and direct oracle check
projects	projects/NestedLocalModule-WithRecursiveTypecheck/test1.ts	nested local module - with recursive typecheck	project/nestedLocalModuleWithRecursiveTypecheck.json	"runner=project/nestedLocalModuleWithRecursiveTypecheck.json:{""scenario"":""nested local module - with recursive typecheck"",""inputFiles"":[""test1.ts""]} || checked_in_tsconfig=none"	explicit runner input or project input	TS-Go 7.0.2 direct CLI using the runner test1.ts root reports TS1147 and TS2307. The mapped Rust test checks TS1147; recursive type checking remains unverified behind those diagnostics.	should_report_invalid_module_reference_given_import_equals_inside_namespace_when_compiling	oracle-verified TS1147 diagnostic; recursive type checking remains unverified
projects	projects/NestedLocalModule-WithRecursiveTypecheck/test2.ts	nested local module - with recursive typecheck	project/nestedLocalModuleWithRecursiveTypecheck.json	"runner=project/nestedLocalModuleWithRecursiveTypecheck.json:{""scenario"":""nested local module - with recursive typecheck"",""inputFiles"":[""test1.ts""]} || checked_in_tsconfig=none"	fixture under a runner project root; exact input selection/options are listed per case	Oracle gap: pinned TS-Go sparse checkout has no project-suite reference baseline for this fixture; runner JSON supplies scenario/options only, and this case has not been independently executed through TS-Go CLI.		mapped to upstream runner case(s); pending focused Rust behavior test and direct oracle check
projects	projects/NoModule/decl.ts	can't find the module	project/cantFindTheModule.json	"runner=project/cantFindTheModule.json:{""scenario"":""can't find the module"",""inputFiles"":[""decl.ts""]} || checked_in_tsconfig=none"	explicit runner input or project input	Pinned TS-Go CLI reports TS2307 for unresolved bare module baz in the NoModule runner input.	should_report_missing_bare_import_assignment_given_no_module_project_input_when_running_compiler_cli	oracle-verified-focused-behavior-test
projects	projects/NoModule/foo/bar.ts	can't find the module	project/cantFindTheModule.json	"runner=project/cantFindTheModule.json:{""scenario"":""can't find the module"",""inputFiles"":[""decl.ts""]} || checked_in_tsconfig=none"	fixture under a runner project root; exact input selection/options are listed per case	Oracle gap: pinned TS-Go sparse checkout has no project-suite reference baseline for this fixture; runner JSON supplies scenario/options only, and this case has not been independently executed through TS-Go CLI.		mapped to upstream runner case(s); pending focused Rust behavior test and direct oracle check
projects	projects/NodeModulesSearch/importHigher/root.ts	Verify that a higher import loads a module that was previously skipped	project/nodeModulesImportHigher.json	"runner=project/nodeModulesImportHigher.json:{""scenario"":""Verify that a higher import loads a module that was previously skipped"",""project"":""importHigher"",""declaration"":false,""moduleResolution"":""node""} || checked_in_tsconfig=projects/NodeModulesSearch/importHigher/tsconfig.json={""compilerOptions"":{""allowJs"":true,""declaration"":false,""moduleResolution"":""node"",""maxNodeModuleJsDepth"":2}}"	fixture under a runner project root; exact input selection/options are listed per case	Oracle gap: pinned TS-Go sparse checkout has no project-suite reference baseline for this fixture; runner JSON supplies scenario/options only, and this case has not been independently executed through TS-Go CLI.		mapped to upstream runner case(s); pending focused Rust behavior test and direct oracle check
projects	projects/NodeModulesSearch/maxDepthExceeded/root.ts	Verify that JavaScript modules are not resolved if too many hops	project/nodeModulesMaxDepthExceeded.json	"runner=project/nodeModulesMaxDepthExceeded.json:{""scenario"":""Verify that JavaScript modules are not resolved if too many hops"",""project"":""maxDepthExceeded"",""declaration"":false,""moduleResolution"":""node""} || checked_in_tsconfig=projects/NodeModulesSearch/maxDepthExceeded/tsconfig.json=unparsed"	fixture under a runner project root; exact input selection/options are listed per case	Oracle gap: pinned TS-Go sparse checkout has no project-suite reference baseline for this fixture; runner JSON supplies scenario/options only, and this case has not been independently executed through TS-Go CLI.		mapped to upstream runner case(s); pending focused Rust behavior test and direct oracle check
projects	projects/NodeModulesSearch/maxDepthIncreased/node_modules/@types/m4/entry.d.ts	Verify that the setting to search node_modules deeper takes effect	project/nodeModulesMaxDepthIncreased.json	"runner=project/nodeModulesMaxDepthIncreased.json:{""scenario"":""Verify that the setting to search node_modules deeper takes effect"",""project"":""maxDepthIncreased"",""declaration"":false,""moduleResolution"":""node""} || checked_in_tsconfig=projects/NodeModulesSearch/maxDepthIncreased/tsconfig.json={""compilerOptions"":{""allowJs"":true,""maxNodeModuleJsDepth"":3}}"	fixture candidate for default/explicit exclusion scenario; runner configuration determines whether compiled	Oracle gap: pinned TS-Go sparse checkout has no project-suite reference baseline for this fixture; runner JSON supplies scenario/options only, and this case has not been independently executed through TS-Go CLI.		mapped to upstream runner case(s); pending focused Rust behavior test and direct oracle check
projects	projects/NodeModulesSearch/maxDepthIncreased/root.ts	Verify that the setting to search node_modules deeper takes effect	project/nodeModulesMaxDepthIncreased.json	"runner=project/nodeModulesMaxDepthIncreased.json:{""scenario"":""Verify that the setting to search node_modules deeper takes effect"",""project"":""maxDepthIncreased"",""declaration"":false,""moduleResolution"":""node""} || checked_in_tsconfig=projects/NodeModulesSearch/maxDepthIncreased/tsconfig.json={""compilerOptions"":{""allowJs"":true,""maxNodeModuleJsDepth"":3}}"	fixture under a runner project root; exact input selection/options are listed per case	Pinned TS-Go 7.0.2 project run reports TS2322 for assigning a string to the nested JavaScript age property at maxNodeModuleJsDepth=3.	should_report_nested_javascript_type_mismatch_given_max_node_module_js_depth_three_when_compiling_project	oracle-verified-focused-behavior-test
projects	projects/PrologueEmit/__extends.ts	Prologue emit	project/prologueEmit.json	"runner=project/prologueEmit.json:{""scenario"":""Prologue emit"",""inputFiles"":[""globalThisCapture.ts"",""__extends.ts""],""outFile"":""out.js""} || checked_in_tsconfig=none"	explicit runner input or project input	Pinned TS-Go 7.0.2 at --target es2015 emits m.child = child; inside the namespace IIFE; runner outFile and ES5 target are unsupported by this version.	should_emit_namespace_child_assignment_given_exported_class_when_emitting_javascript	oracle-verified-focused-behavior-test
projects	projects/PrologueEmit/globalThisCapture.ts	Prologue emit	project/prologueEmit.json	"runner=project/prologueEmit.json:{""scenario"":""Prologue emit"",""inputFiles"":[""globalThisCapture.ts"",""__extends.ts""],""outFile"":""out.js""} || checked_in_tsconfig=none"	explicit runner input or project input	Oracle gap: pinned TS-Go sparse checkout has no project-suite reference baseline for this fixture; runner JSON supplies scenario/options only, and this case has not been independently executed through TS-Go CLI.		mapped to upstream runner case(s); pending focused Rust behavior test and direct oracle check
projects	projects/Quote'InName/li'b/class'A.ts	Quotes in file and directory names	project/quotesInFileAndDirectoryNames.json	"runner=project/quotesInFileAndDirectoryNames.json:{""scenario"":""Quotes in file and directory names"",""inputFiles"":[""m'ain.ts""],""declaration"":true} || checked_in_tsconfig=none"	fixture under a runner project root; exact input selection/options are listed per case	Oracle gap: pinned TS-Go sparse checkout has no project-suite reference baseline for this fixture; runner JSON supplies scenario/options only, and this case has not been independently executed through TS-Go CLI.		mapped to upstream runner case(s); pending focused Rust behavior test and direct oracle check
projects	projects/Quote'InName/m'ain.ts	Quotes in file and directory names	project/quotesInFileAndDirectoryNames.json	"runner=project/quotesInFileAndDirectoryNames.json:{""scenario"":""Quotes in file and directory names"",""inputFiles"":[""m'ain.ts""],""declaration"":true} || checked_in_tsconfig=none"	explicit runner input or project input	TS-Go 7.0.2 accepts the fixture under --noEmit; its class heritage uses a qualified name, which the focused Rust syntax test isolates.	should_parse_qualified_class_heritage_given_dotted_base_name_when_building_syntax_tree	oracle-verified; mapped to focused red Rust parser test
projects	projects/ReferenceResolution/bar/bar.ts	referenceResolution1_FromFooFolder | referenceResolution1_FromRootDirectory | referenceResolution1_FromFooFolder_NoResolve | referenceResolution1_FromFooFolder_RelativepathToFoo | referenceResolutionSameFileTwice | referenceResolutionSameFileTwice_NoResolve	project/referenceResolutionRelativePaths.json;project/referenceResolutionRelativePathsFromRootDirectory.json;project/referenceResolutionRelativePathsNoResolve.json;project/referenceResolutionRelativePathsRelativeToRootDirectory.json;project/referenceResolutionSameFileTwice.json;project/referenceResolutionSameFileTwiceNoResolve.json	"runner=project/referenceResolutionRelativePaths.json:{""scenario"":""referenceResolution1_FromFooFolder"",""inputFiles"":[""foo.ts""],""declaration"":true} || project/referenceResolutionRelativePathsFromRootDirectory.json:{""scenario"":""referenceResolution1_FromRootDirectory"",""inputFiles"":[""src/ts/foo/foo.ts""],""declaration"":true} || project/referenceResolutionRelativePathsNoResolve.json:{""scenario"":""referenceResolution1_FromFooFolder_NoResolve"",""inputFiles"":[""foo.ts"",""../../../bar/bar.ts""],""declaration"":true,""noResolve"":true} || project/referenceResolutionRelativePathsRelativeToRootDirectory.json:{""scenario"":""referenceResolution1_FromFooFolder_RelativepathToFoo"",""inputFiles"":[""../../../src/ts/foo/foo.ts""],""declaration"":true} || project/referenceResolutionSameFileTwice.json:{""scenario"":""referenceResolutionSameFileTwice"",""inputFiles"":[""test.ts"",""../ReferenceResolution/test.ts""],""declaration"":true} || project/referenceResolutionSameFileTwiceNoResolve.json:{""scenario"":""referenceResolutionSameFileTwice_NoResolve"",""inputFiles"":[""test.ts"",""../ReferenceResolution/test.ts""],""declaration"":true,""noResolve"":true} || checked_in_tsconfig=none"	relative-import-or-reference support source outside effective project root	Oracle gap: pinned TS-Go sparse checkout has no project-suite reference baseline for this fixture; runner JSON supplies scenario/options only, and this case has not been independently executed through TS-Go CLI.		mapped to upstream runner case(s); pending focused Rust behavior test and direct oracle check
projects	projects/ReferenceResolution/src/ts/foo/foo.ts	referenceResolution1_FromFooFolder | referenceResolution1_FromRootDirectory | referenceResolution1_FromFooFolder_NoResolve | referenceResolution1_FromFooFolder_RelativepathToFoo | referenceResolutionSameFileTwice | referenceResolutionSameFileTwice_NoResolve	project/referenceResolutionRelativePaths.json;project/referenceResolutionRelativePathsFromRootDirectory.json;project/referenceResolutionRelativePathsNoResolve.json;project/referenceResolutionRelativePathsRelativeToRootDirectory.json;project/referenceResolutionSameFileTwice.json;project/referenceResolutionSameFileTwiceNoResolve.json	"runner=project/referenceResolutionRelativePaths.json:{""scenario"":""referenceResolution1_FromFooFolder"",""inputFiles"":[""foo.ts""],""declaration"":true} || project/referenceResolutionRelativePathsFromRootDirectory.json:{""scenario"":""referenceResolution1_FromRootDirectory"",""inputFiles"":[""src/ts/foo/foo.ts""],""declaration"":true} || project/referenceResolutionRelativePathsNoResolve.json:{""scenario"":""referenceResolution1_FromFooFolder_NoResolve"",""inputFiles"":[""foo.ts"",""../../../bar/bar.ts""],""declaration"":true,""noResolve"":true} || project/referenceResolutionRelativePathsRelativeToRootDirectory.json:{""scenario"":""referenceResolution1_FromFooFolder_RelativepathToFoo"",""inputFiles"":[""../../../src/ts/foo/foo.ts""],""declaration"":true} || project/referenceResolutionSameFileTwice.json:{""scenario"":""referenceResolutionSameFileTwice"",""inputFiles"":[""test.ts"",""../ReferenceResolution/test.ts""],""declaration"":true} || project/referenceResolutionSameFileTwiceNoResolve.json:{""scenario"":""referenceResolutionSameFileTwice_NoResolve"",""inputFiles"":[""test.ts"",""../ReferenceResolution/test.ts""],""declaration"":true,""noResolve"":true} || checked_in_tsconfig=none"	explicit runner input or project input	Pinned TS-Go direct CLI with --declaration and foo.ts as root emits out/bar/bar.d.ts through the triple-slash reference.	should_emit_declaration_for_referenced_source_given_triple_slash_path_when_compiling_root	oracle-verified-focused-behavior-test
projects	projects/ReferenceResolution/test.ts	referenceResolution1_FromRootDirectory | referenceResolutionSameFileTwice | referenceResolutionSameFileTwice_NoResolve	project/referenceResolutionRelativePathsFromRootDirectory.json;project/referenceResolutionSameFileTwice.json;project/referenceResolutionSameFileTwiceNoResolve.json	"runner=project/referenceResolutionRelativePathsFromRootDirectory.json:{""scenario"":""referenceResolution1_FromRootDirectory"",""inputFiles"":[""src/ts/foo/foo.ts""],""declaration"":true} || project/referenceResolutionSameFileTwice.json:{""scenario"":""referenceResolutionSameFileTwice"",""inputFiles"":[""test.ts"",""../ReferenceResolution/test.ts""],""declaration"":true} || project/referenceResolutionSameFileTwiceNoResolve.json:{""scenario"":""referenceResolutionSameFileTwice_NoResolve"",""inputFiles"":[""test.ts"",""../ReferenceResolution/test.ts""],""declaration"":true,""noResolve"":true} || checked_in_tsconfig=none"	explicit runner input or project input	Oracle gap: pinned TS-Go sparse checkout has no project-suite reference baseline for this fixture; runner JSON supplies scenario/options only, and this case has not been independently executed through TS-Go CLI.		mapped to upstream runner case(s); pending focused Rust behavior test and direct oracle check
projects	projects/RelativePaths/A/a.ts	relative paths	project/relativePaths.json	"runner=project/relativePaths.json:{""scenario"":""relative paths"",""inputFiles"":[""app.ts""]} || checked_in_tsconfig=none"	fixture under a runner project root; exact input selection/options are listed per case	Oracle gap: the TypeScript runner uses moduleResolution=Classic, removed in TS-Go 7; direct TS-Go 7.0.2 reports TS5108 and no project baseline records which b.ts resolves. Import-equals also masks the behavior in TSRZL.		mapped to upstream runner case(s); pending focused Rust behavior test and direct oracle check
projects	projects/RelativePaths/A/b.ts	relative paths	project/relativePaths.json	"runner=project/relativePaths.json:{""scenario"":""relative paths"",""inputFiles"":[""app.ts""]} || checked_in_tsconfig=none"	fixture under a runner project root; exact input selection/options are listed per case	Oracle gap: the TypeScript runner uses moduleResolution=Classic, removed in TS-Go 7; direct TS-Go 7.0.2 reports TS5108 and no project baseline records which b.ts resolves. Import-equals also masks the behavior in TSRZL.		mapped to upstream runner case(s); pending focused Rust behavior test and direct oracle check
projects	projects/RelativePaths/app.ts	relative paths	project/relativePaths.json	"runner=project/relativePaths.json:{""scenario"":""relative paths"",""inputFiles"":[""app.ts""]} || checked_in_tsconfig=none"	explicit runner input or project input	Oracle gap: the TypeScript runner uses moduleResolution=Classic, removed in TS-Go 7; direct TS-Go 7.0.2 reports TS5108 and no project baseline records which b.ts resolves. Import-equals also masks the behavior in TSRZL.		mapped to upstream runner case(s); pending focused Rust behavior test and direct oracle check
projects	projects/RelativePaths/b.ts	relative paths	project/relativePaths.json	"runner=project/relativePaths.json:{""scenario"":""relative paths"",""inputFiles"":[""app.ts""]} || checked_in_tsconfig=none"	fixture under a runner project root; exact input selection/options are listed per case	Oracle gap: the TypeScript runner uses moduleResolution=Classic, removed in TS-Go 7; direct TS-Go 7.0.2 reports TS5108 and no project baseline records which b.ts resolves. Import-equals also masks the behavior in TSRZL.		mapped to upstream runner case(s); pending focused Rust behavior test and direct oracle check
projects	projects/VisibilityOfCrosssModuleTypeUsage/commands.ts	Visibility of type used across modules	project/visibilityOfTypeUsedAcrossModules.json	"runner=project/visibilityOfTypeUsedAcrossModules.json:{""scenario"":""Visibility of type used across modules"",""inputFiles"":[""commands.ts""],""strict"":false} || checked_in_tsconfig=none"	explicit runner input or project input	TS-Go 7.0.2 direct CLI with --module es2015 reports TS1202 for each import assignment in the runner input. The focused Rust test checks TS1202; cross-module type visibility remains unverified.	should_report_import_assignment_given_ecmascript_module_when_compiling_sources	oracle-verified TS1202 diagnostic; cross-module type visibility remains unverified
projects	projects/VisibilityOfCrosssModuleTypeUsage/fs.ts	Visibility of type used across modules	project/visibilityOfTypeUsedAcrossModules.json	"runner=project/visibilityOfTypeUsedAcrossModules.json:{""scenario"":""Visibility of type used across modules"",""inputFiles"":[""commands.ts""],""strict"":false} || checked_in_tsconfig=none"	fixture under a runner project root; exact input selection/options are listed per case	Oracle gap: pinned TS-Go sparse checkout has no project-suite reference baseline for this fixture; runner JSON supplies scenario/options only, and this case has not been independently executed through TS-Go CLI.		mapped to upstream runner case(s); pending focused Rust behavior test and direct oracle check
projects	projects/VisibilityOfCrosssModuleTypeUsage/server.ts	Visibility of type used across modules	project/visibilityOfTypeUsedAcrossModules.json	"runner=project/visibilityOfTypeUsedAcrossModules.json:{""scenario"":""Visibility of type used across modules"",""inputFiles"":[""commands.ts""],""strict"":false} || checked_in_tsconfig=none"	fixture under a runner project root; exact input selection/options are listed per case	Oracle gap: pinned TS-Go sparse checkout has no project-suite reference baseline for this fixture; runner JSON supplies scenario/options only, and this case has not been independently executed through TS-Go CLI.		mapped to upstream runner case(s); pending focused Rust behavior test and direct oracle check
projects	projects/baseline/decl.ts	baseline | baseline 2 | baseline 3	project/baseline.json;project/baseline2.json;project/baseline3.json	"runner=project/baseline.json:{""scenario"":""baseline"",""inputFiles"":[""emit.ts""],""runTest"":true} || project/baseline2.json:{""scenario"":""baseline 2"",""inputFiles"":[""dont_emit.ts""],""runTest"":true} || project/baseline3.json:{""scenario"":""baseline 3"",""inputFiles"":[""nestedModule.ts""],""runTest"":true} || checked_in_tsconfig=none"	fixture under a runner project root; exact input selection/options are listed per case	Oracle gap: pinned TS-Go sparse checkout has no project-suite reference baseline for this fixture; runner JSON supplies scenario/options only, and this case has not been independently executed through TS-Go CLI.		mapped to upstream runner case(s); pending focused Rust behavior test and direct oracle check
projects	projects/baseline/dont_emit.ts	baseline | baseline 2 | baseline 3	project/baseline.json;project/baseline2.json;project/baseline3.json	"runner=project/baseline.json:{""scenario"":""baseline"",""inputFiles"":[""emit.ts""],""runTest"":true} || project/baseline2.json:{""scenario"":""baseline 2"",""inputFiles"":[""dont_emit.ts""],""runTest"":true} || project/baseline3.json:{""scenario"":""baseline 3"",""inputFiles"":[""nestedModule.ts""],""runTest"":true} || checked_in_tsconfig=none"	explicit runner input or project input	Oracle gap: pinned TS-Go sparse checkout has no project-suite reference baseline for this fixture; runner JSON supplies scenario/options only, and this case has not been independently executed through TS-Go CLI.		mapped to upstream runner case(s); pending focused Rust behavior test and direct oracle check
projects	projects/baseline/emit.ts	baseline | baseline 2 | baseline 3	project/baseline.json;project/baseline2.json;project/baseline3.json	"runner=project/baseline.json:{""scenario"":""baseline"",""inputFiles"":[""emit.ts""],""runTest"":true} || project/baseline2.json:{""scenario"":""baseline 2"",""inputFiles"":[""dont_emit.ts""],""runTest"":true} || project/baseline3.json:{""scenario"":""baseline 3"",""inputFiles"":[""nestedModule.ts""],""runTest"":true} || checked_in_tsconfig=none"	explicit runner input or project input	"TS-Go 7.0.2 with --module commonjs emits import g = require(""./decl"") as const g = require(""./decl"")."	should_emit_module_identifier_as_commonjs_require_given_sibling_module_when_running_compiler_cli	oracle-verified; mapped to existing focused red Rust emit test
projects	projects/baseline/nestedModule.ts	baseline | baseline 2 | baseline 3	project/baseline.json;project/baseline2.json;project/baseline3.json	"runner=project/baseline.json:{""scenario"":""baseline"",""inputFiles"":[""emit.ts""],""runTest"":true} || project/baseline2.json:{""scenario"":""baseline 2"",""inputFiles"":[""dont_emit.ts""],""runTest"":true} || project/baseline3.json:{""scenario"":""baseline 3"",""inputFiles"":[""nestedModule.ts""],""runTest"":true} || checked_in_tsconfig=none"	explicit runner input or project input	Oracle gap: pinned TS-Go sparse checkout has no project-suite reference baseline for this fixture; runner JSON supplies scenario/options only, and this case has not been independently executed through TS-Go CLI.		mapped to upstream runner case(s); pending focused Rust behavior test and direct oracle check
projects	projects/declarationDir/a.ts	declarationDir: specify declarationDir only | declarationDir: specify declarationDir with outDir | declarationDir: specify declarationDir with bundled output file	project/declarationDir.json;project/declarationDir2.json;project/declarationDir3.json	"runner=project/declarationDir.json:{""scenario"":""declarationDir: specify declarationDir only"",""inputFiles"":[""a.ts"",""subfolder/b.ts"",""subfolder/c.ts""],""declaration"":true,""declarationDir"":""declarations""} || project/declarationDir2.json:{""scenario"":""declarationDir: specify declarationDir with outDir"",""inputFiles"":[""a.ts"",""subfolder/b.ts"",""subfolder/c.ts""],""declaration"":true,""declarationDir"":""declarations"",""outDir"":""out""} || project/declarationDir3.json:{""scenario"":""declarationDir: specify declarationDir with bundled output file"",""inputFiles"":[""a.ts"",""subfolder/b.ts"",""subfolder/c.ts""],""declaration"":true,""declarationDir"":""declarations"",""outFile"":""out.js""} || checked_in_tsconfig=none"	explicit runner input or project input	TS-Go 7.0.2 -p with pinned inputs/declarationDir plus rootDir=. and strict=false emits declarations/a.d.ts.	should_write_declarations_to_declaration_dir_given_declaration_dir_project_option_when_running_compiler_cli	oracle-verified; mapped to focused red Rust test
projects	projects/declarationDir/subfolder/b.ts	declarationDir: specify declarationDir only | declarationDir: specify declarationDir with outDir | declarationDir: specify declarationDir with bundled output file	project/declarationDir.json;project/declarationDir2.json;project/declarationDir3.json	"runner=project/declarationDir.json:{""scenario"":""declarationDir: specify declarationDir only"",""inputFiles"":[""a.ts"",""subfolder/b.ts"",""subfolder/c.ts""],""declaration"":true,""declarationDir"":""declarations""} || project/declarationDir2.json:{""scenario"":""declarationDir: specify declarationDir with outDir"",""inputFiles"":[""a.ts"",""subfolder/b.ts"",""subfolder/c.ts""],""declaration"":true,""declarationDir"":""declarations"",""outDir"":""out""} || project/declarationDir3.json:{""scenario"":""declarationDir: specify declarationDir with bundled output file"",""inputFiles"":[""a.ts"",""subfolder/b.ts"",""subfolder/c.ts""],""declaration"":true,""declarationDir"":""declarations"",""outFile"":""out.js""} || checked_in_tsconfig=none"	explicit runner input or project input	Same TS-Go declarationDir run emits declarations/subfolder/b.d.ts.	should_write_declarations_to_declaration_dir_given_declaration_dir_project_option_when_running_compiler_cli;should_route_declarations_to_declaration_dir_given_out_dir_when_running_compiler_cli	oracle-verified; mapped to focused red Rust tests for declarationDir alone and with outDir
projects	projects/declarationDir/subfolder/c.ts	declarationDir: specify declarationDir only | declarationDir: specify declarationDir with outDir | declarationDir: specify declarationDir with bundled output file	project/declarationDir.json;project/declarationDir2.json;project/declarationDir3.json	"runner=project/declarationDir.json:{""scenario"":""declarationDir: specify declarationDir only"",""inputFiles"":[""a.ts"",""subfolder/b.ts"",""subfolder/c.ts""],""declaration"":true,""declarationDir"":""declarations""} || project/declarationDir2.json:{""scenario"":""declarationDir: specify declarationDir with outDir"",""inputFiles"":[""a.ts"",""subfolder/b.ts"",""subfolder/c.ts""],""declaration"":true,""declarationDir"":""declarations"",""outDir"":""out""} || project/declarationDir3.json:{""scenario"":""declarationDir: specify declarationDir with bundled output file"",""inputFiles"":[""a.ts"",""subfolder/b.ts"",""subfolder/c.ts""],""declaration"":true,""declarationDir"":""declarations"",""outFile"":""out.js""} || checked_in_tsconfig=none"	explicit runner input or project input	Same TS-Go declarationDir run emits declarations/subfolder/c.d.ts.	should_write_declarations_to_declaration_dir_given_declaration_dir_project_option_when_running_compiler_cli	oracle-verified; mapped to focused red Rust test
projects	projects/declarations_CascadingImports/m4.ts	declarations_CascadingImports	project/declarationsCascadingImports.json	"runner=project/declarationsCascadingImports.json:{""scenario"":""declarations_CascadingImports"",""inputFiles"":[""useModule.ts""],""declaration"":true} || checked_in_tsconfig=none"	fixture under a runner project root; exact input selection/options are listed per case	The equivalent TypeScript-Go 7.0.2 three-file relative-import chain preserves the import for the referenced class in the intermediate declaration.	should_preserve_cascaded_type_import_given_exported_class_property_when_emitting_declarations	oracle-verified-equivalent-focused-behavior-test
projects	projects/declarations_CascadingImports/useModule.ts	declarations_CascadingImports	project/declarationsCascadingImports.json	"runner=project/declarationsCascadingImports.json:{""scenario"":""declarations_CascadingImports"",""inputFiles"":[""useModule.ts""],""declaration"":true} || checked_in_tsconfig=none"	explicit runner input or project input	"Pinned TypeScript-Go 7.0.2 on an equivalent relative-import chain preserves `import { D } from ""./m4"";` in the intermediate `m1.d.ts`; original import-equals syntax is not yet supported by TSRZL."	should_preserve_cascaded_type_import_given_exported_class_property_when_emitting_declarations	oracle-verified-equivalent-focused-behavior-test
projects	projects/declarations_ExportNamespace/decl.d.ts	declarations_ExportNamespace	project/declarationsExportNamespace.json	"runner=project/declarationsExportNamespace.json:{""scenario"":""declarations_ExportNamespace"",""inputFiles"":[""decl.d.ts"",""useModule.ts""],""emittedFiles"":[""useModule.js"",""useModule.d.ts""],""declaration"":true} || checked_in_tsconfig=none"	explicit runner input or project input	TS-Go 7.0.2 --noEmit accepts export as namespace in this declaration file.	should_parse_global_namespace_export_given_ambient_declaration_when_building_syntax_tree;should_resolve_ambient_global_namespace_type_given_export_as_namespace_when_emitting_declarations	oracle-verified; focused Rust parser test passes
projects	projects/declarations_ExportNamespace/useModule.ts	declarations_ExportNamespace	project/declarationsExportNamespace.json	"runner=project/declarationsExportNamespace.json:{""scenario"":""declarations_ExportNamespace"",""inputFiles"":[""decl.d.ts"",""useModule.ts""],""emittedFiles"":[""useModule.js"",""useModule.d.ts""],""declaration"":true} || checked_in_tsconfig=none"	explicit runner input or project input	TS-Go 7.0.2 emits useModule.d.ts with the referenced type written as a: moduleA.A.	should_resolve_ambient_global_namespace_type_given_export_as_namespace_when_emitting_declarations	oracle-verified; mapped to focused red Rust project test
projects	projects/declarations_GlobalImport/glo_m4.d.ts	declarations_GlobalImport	project/declarationsGlobalImport.json	"runner=project/declarationsGlobalImport.json:{""scenario"":""declarations_GlobalImport"",""inputFiles"":[""useModule.ts""],""declaration"":true} || checked_in_tsconfig=none"	fixture under a runner project root; exact input selection/options are listed per case	Oracle gap: pinned TS-Go sparse checkout has no project-suite reference baseline for this fixture; runner JSON supplies scenario/options only, and this case has not been independently executed through TS-Go CLI.		mapped to upstream runner case(s); pending focused Rust behavior test and direct oracle check
projects	projects/declarations_GlobalImport/glo_m4.ts	declarations_GlobalImport	project/declarationsGlobalImport.json	"runner=project/declarationsGlobalImport.json:{""scenario"":""declarations_GlobalImport"",""inputFiles"":[""useModule.ts""],""declaration"":true} || checked_in_tsconfig=none"	fixture under a runner project root; exact input selection/options are listed per case	Oracle gap: pinned TS-Go sparse checkout has no project-suite reference baseline for this fixture; runner JSON supplies scenario/options only, and this case has not been independently executed through TS-Go CLI.		mapped to upstream runner case(s); pending focused Rust behavior test and direct oracle check
projects	projects/declarations_GlobalImport/useModule.d.ts	declarations_GlobalImport	project/declarationsGlobalImport.json	"runner=project/declarationsGlobalImport.json:{""scenario"":""declarations_GlobalImport"",""inputFiles"":[""useModule.ts""],""declaration"":true} || checked_in_tsconfig=none"	fixture under a runner project root; exact input selection/options are listed per case	Oracle gap: pinned TS-Go sparse checkout has no project-suite reference baseline for this fixture; runner JSON supplies scenario/options only, and this case has not been independently executed through TS-Go CLI.		mapped to upstream runner case(s); pending focused Rust behavior test and direct oracle check
projects	projects/declarations_GlobalImport/useModule.ts	declarations_GlobalImport	project/declarationsGlobalImport.json	"runner=project/declarationsGlobalImport.json:{""scenario"":""declarations_GlobalImport"",""inputFiles"":[""useModule.ts""],""declaration"":true} || checked_in_tsconfig=none"	explicit runner input or project input	TS-Go 7.0.2 parses the import-equals declaration; direct CLI reports TS2307 for the bare module separately.	should_parse_import_assignment_given_require_import_when_building_syntax_tree	oracle-verified; mapped to focused red Rust parser test
projects	projects/declarations_ImportedInPrivate/private_m4.ts	declarations_ImportedInPrivate	project/declarationsImportedInPrivate.json	"runner=project/declarationsImportedInPrivate.json:{""scenario"":""declarations_ImportedInPrivate"",""inputFiles"":[""useModule.ts""],""declaration"":true} || checked_in_tsconfig=none"	fixture under a runner project root; exact input selection/options are listed per case	Oracle gap: pinned TS-Go sparse checkout has no project-suite reference baseline for this fixture; runner JSON supplies scenario/options only, and this case has not been independently executed through TS-Go CLI.		mapped to upstream runner case(s); pending focused Rust behavior test and direct oracle check
projects	projects/declarations_ImportedInPrivate/useModule.ts	declarations_ImportedInPrivate	project/declarationsImportedInPrivate.json	"runner=project/declarationsImportedInPrivate.json:{""scenario"":""declarations_ImportedInPrivate"",""inputFiles"":[""useModule.ts""],""declaration"":true} || checked_in_tsconfig=none"	explicit runner input or project input	Oracle gap: pinned TS-Go sparse checkout has no project-suite reference baseline for this fixture; runner JSON supplies scenario/options only, and this case has not been independently executed through TS-Go CLI.		mapped to upstream runner case(s); pending focused Rust behavior test and direct oracle check
projects	projects/declarations_ImportedUseInFunction/fncOnly_m4.ts	declarations_ImportedUseInFunction	project/declarationsImportedUseInFunction.json	"runner=project/declarationsImportedUseInFunction.json:{""scenario"":""declarations_ImportedUseInFunction"",""inputFiles"":[""useModule.ts""],""declaration"":true} || checked_in_tsconfig=none"	fixture under a runner project root; exact input selection/options are listed per case	Pinned TS-Go 7.0.2 emits the imported function's named return type in `useModule.d.ts`; the focused Rust test uses an equivalent relative namespace import because import-equals parsing is not implemented.	should_preserve_imported_function_return_type_given_exported_call_result_when_emitting_declarations	oracle-verified-focused-behavior-test
projects	projects/declarations_ImportedUseInFunction/useModule.ts	declarations_ImportedUseInFunction	project/declarationsImportedUseInFunction.json	"runner=project/declarationsImportedUseInFunction.json:{""scenario"":""declarations_ImportedUseInFunction"",""inputFiles"":[""useModule.ts""],""declaration"":true} || checked_in_tsconfig=none"	explicit runner input or project input	Pinned TS-Go 7.0.2 emits `export declare var useFncOnly_m4_f4: m4.d;` for the equivalent relative namespace-import case.	should_preserve_imported_function_return_type_given_exported_call_result_when_emitting_declarations	oracle-verified-focused-behavior-test
projects	projects/declarations_IndirectImport/m4.ts	declarations_IndirectImport should result in error	project/declarationsIndirectImportShouldResultInError.json	"runner=project/declarationsIndirectImportShouldResultInError.json:{""scenario"":""declarations_IndirectImport should result in error"",""inputFiles"":[""useModule.ts""]} || checked_in_tsconfig=none"	fixture under a runner project root; exact input selection/options are listed per case	"TS-Go 7.0.2 --declaration emits import(""./m4"").D for equivalent relative-ESM imports; original fixture uses import-equals and has no TS-Go project-suite baseline."	should_preserve_transitive_imported_type_given_declaration_emit_when_compiling_project	oracle-verified equivalent declaration output; focused Rust test emits any instead of the imported type
projects	projects/declarations_IndirectImport/m5.ts	declarations_IndirectImport should result in error	project/declarationsIndirectImportShouldResultInError.json	"runner=project/declarationsIndirectImportShouldResultInError.json:{""scenario"":""declarations_IndirectImport should result in error"",""inputFiles"":[""useModule.ts""]} || checked_in_tsconfig=none"	fixture under a runner project root; exact input selection/options are listed per case	"TS-Go 7.0.2 --declaration emits import(""./m4"").D for equivalent relative-ESM imports; original fixture uses import-equals and has no TS-Go project-suite baseline."	should_preserve_transitive_imported_type_given_declaration_emit_when_compiling_project	oracle-verified equivalent declaration output; focused Rust test emits any instead of the imported type
projects	projects/declarations_IndirectImport/useModule.ts	declarations_IndirectImport should result in error	project/declarationsIndirectImportShouldResultInError.json	"runner=project/declarationsIndirectImportShouldResultInError.json:{""scenario"":""declarations_IndirectImport should result in error"",""inputFiles"":[""useModule.ts""]} || checked_in_tsconfig=none"	explicit runner input or project input	"TS-Go 7.0.2 --declaration emits import(""./m4"").D for equivalent relative-ESM imports; original fixture uses import-equals and has no TS-Go project-suite baseline."	should_preserve_transitive_imported_type_given_declaration_emit_when_compiling_project	oracle-verified equivalent declaration output; focused Rust test emits any instead of the imported type
projects	projects/declarations_MultipleTimesImport/m4.ts	declarations_MultipleTimesImport	project/declarationsMultipleTimesImport.json	"runner=project/declarationsMultipleTimesImport.json:{""scenario"":""declarations_MultipleTimesImport"",""inputFiles"":[""useModule.ts""],""declaration"":true} || checked_in_tsconfig=none"	fixture under a runner project root; exact input selection/options are listed per case	TS-Go 7.0.2 --declaration emits one import for repeated ESM namespace imports in equivalent sources; original fixture uses import-equals syntax.	should_emit_one_import_given_repeated_module_imports_when_emitting_declarations	oracle-verified equivalent declaration output; focused Rust test emits zero imports and any types
projects	projects/declarations_MultipleTimesImport/useModule.ts	declarations_MultipleTimesImport	project/declarationsMultipleTimesImport.json	"runner=project/declarationsMultipleTimesImport.json:{""scenario"":""declarations_MultipleTimesImport"",""inputFiles"":[""useModule.ts""],""declaration"":true} || checked_in_tsconfig=none"	explicit runner input or project input	TS-Go 7.0.2 --declaration emits one import for repeated ESM namespace imports in equivalent sources; original fixture uses import-equals syntax.	should_emit_one_import_given_repeated_module_imports_when_emitting_declarations	oracle-verified equivalent declaration output; focused Rust test emits zero imports and any types
projects	projects/declarations_MultipleTimesMultipleImport/m4.ts	declarations_MultipleTimesMultipleImport	project/declarationsMultipleTimesMultipleImport.json	"runner=project/declarationsMultipleTimesMultipleImport.json:{""scenario"":""declarations_MultipleTimesMultipleImport"",""inputFiles"":[""useModule.ts""],""declaration"":true} || checked_in_tsconfig=none"	fixture under a runner project root; exact input selection/options are listed per case	TS-Go 7.0.2 --declaration emits the final inferred type as m4.D without an intermediate m5 import for equivalent relative-ESM imports; original fixture uses import-equals.	should_elide_intermediate_module_import_given_exported_inferred_type_when_emitting_declarations	oracle-verified equivalent declaration output; focused Rust test emits any types
projects	projects/declarations_MultipleTimesMultipleImport/m5.ts	declarations_MultipleTimesMultipleImport	project/declarationsMultipleTimesMultipleImport.json	"runner=project/declarationsMultipleTimesMultipleImport.json:{""scenario"":""declarations_MultipleTimesMultipleImport"",""inputFiles"":[""useModule.ts""],""declaration"":true} || checked_in_tsconfig=none"	fixture under a runner project root; exact input selection/options are listed per case	TS-Go 7.0.2 --declaration emits the final inferred type as m4.D without an intermediate m5 import for equivalent relative-ESM imports; original fixture uses import-equals.	should_elide_intermediate_module_import_given_exported_inferred_type_when_emitting_declarations	oracle-verified equivalent declaration output; focused Rust test emits any types
projects	projects/declarations_MultipleTimesMultipleImport/useModule.ts	declarations_MultipleTimesMultipleImport	project/declarationsMultipleTimesMultipleImport.json	"runner=project/declarationsMultipleTimesMultipleImport.json:{""scenario"":""declarations_MultipleTimesMultipleImport"",""inputFiles"":[""useModule.ts""],""declaration"":true} || checked_in_tsconfig=none"	explicit runner input or project input	TS-Go 7.0.2 --declaration emits the final inferred type as m4.D without an intermediate m5 import for equivalent relative-ESM imports; original fixture uses import-equals.	should_elide_intermediate_module_import_given_exported_inferred_type_when_emitting_declarations	oracle-verified equivalent declaration output; focused Rust test emits any types
projects	projects/declarations_SimpleImport/m4.ts	declarations_SimpleImport	project/declarationsSimpleImport.json	"runner=project/declarationsSimpleImport.json:{""scenario"":""declarations_SimpleImport"",""inputFiles"":[""useModule.ts""],""declaration"":true} || checked_in_tsconfig=none"	fixture under a runner project root; exact input selection/options are listed per case	Oracle gap: pinned TS-Go sparse checkout has no project-suite reference baseline for this fixture; runner JSON supplies scenario/options only, and this case has not been independently executed through TS-Go CLI.		mapped to upstream runner case(s); pending focused Rust behavior test and direct oracle check
projects	projects/declarations_SimpleImport/useModule.ts	declarations_SimpleImport	project/declarationsSimpleImport.json	"runner=project/declarationsSimpleImport.json:{""scenario"":""declarations_SimpleImport"",""inputFiles"":[""useModule.ts""],""declaration"":true} || checked_in_tsconfig=none"	explicit runner input or project input	Pinned TS-Go CLI on the supported namespace-import equivalent emits export declare const value: m4.d;.	should_preserve_imported_class_type_given_exported_inferred_value_when_emitting_declarations	oracle-verified-focused-behavior-test
projects	projects/declareVariableCollision/decl.d.ts	declare Variable Collision	project/declareVariableCollision.json	"runner=project/declareVariableCollision.json:{""scenario"":""declare Variable Collision"",""inputFiles"":[""decl.d.ts"",""in1.d.ts"",""in2.d.ts""]} || checked_in_tsconfig=none"	explicit runner input or project input	Pinned TS-Go 7.0.2 accepts the reduced ambient namespace syntax; the complete runner input reports TS1540 at the nested module and TS2300 for the repeated import alias.	should_parse_ambient_namespace_given_namespace_declaration_when_building_syntax_tree	oracle-verified focused syntax test; full-project diagnostics remain separate
projects	projects/declareVariableCollision/in1.d.ts	declare Variable Collision	project/declareVariableCollision.json	"runner=project/declareVariableCollision.json:{""scenario"":""declare Variable Collision"",""inputFiles"":[""decl.d.ts"",""in1.d.ts"",""in2.d.ts""]} || checked_in_tsconfig=none"	explicit runner input or project input	Oracle gap: pinned TS-Go sparse checkout has no project-suite reference baseline for this fixture; runner JSON supplies scenario/options only, and this case has not been independently executed through TS-Go CLI.		mapped to upstream runner case(s); pending focused Rust behavior test and direct oracle check
projects	projects/declareVariableCollision/in2.d.ts	declare Variable Collision	project/declareVariableCollision.json	"runner=project/declareVariableCollision.json:{""scenario"":""declare Variable Collision"",""inputFiles"":[""decl.d.ts"",""in1.d.ts"",""in2.d.ts""]} || checked_in_tsconfig=none"	explicit runner input or project input	Oracle gap: pinned TS-Go sparse checkout has no project-suite reference baseline for this fixture; runner JSON supplies scenario/options only, and this case has not been independently executed through TS-Go CLI.		mapped to upstream runner case(s); pending focused Rust behavior test and direct oracle check
projects	projects/decoratorMetadata/emitDecoratorMetadataCommonJSIsolatedModule/main.ts	Emit decorator metadata when commonJS and isolatedModules are on	project/emitDecoratorMetadataCommonJSISolatedModules.json	"runner=project/emitDecoratorMetadataCommonJSISolatedModules.json:{""scenario"":""Emit decorator metadata when commonJS and isolatedModules are on"",""runTest"":true} || checked_in_tsconfig=projects/decoratorMetadata/emitDecoratorMetadataCommonJSIsolatedModule/tsconfig.json={""files"":[""main.ts""],""compilerOptions"":{""target"":""es5"",""module"":""commonjs"",""emitDecoratorMetadata"":true,""experimentalDecorators"":true,""isolatedModules"":true}}"	fixture under a runner project root; exact input selection/options are listed per case	Oracle gap: pinned TS-Go sparse checkout has no project-suite reference baseline for this fixture; runner JSON supplies scenario/options only, and this case has not been independently executed through TS-Go CLI.		mapped to upstream runner case(s); pending focused Rust behavior test and direct oracle check
projects	projects/decoratorMetadata/emitDecoratorMetadataCommonJSIsolatedModuleNoResolve/main.ts	Emit decorator metadata when commonJS and isolatedModules are on	project/emitDecoratorMetadataCommonJSISolatedModulesNoResolve.json	"runner=project/emitDecoratorMetadataCommonJSISolatedModulesNoResolve.json:{""scenario"":""Emit decorator metadata when commonJS and isolatedModules are on"",""runTest"":true} || checked_in_tsconfig=projects/decoratorMetadata/emitDecoratorMetadataCommonJSIsolatedModuleNoResolve/tsconfig.json={""files"":[""main.ts""],""compilerOptions"":{""target"":""es5"",""module"":""commonjs"",""emitDecoratorMetadata"":true,""experimentalDecorators"":true,""isolatedModules"":true,""noResolve"":true}}"	fixture under a runner project root; exact input selection/options are listed per case	Oracle gap: pinned TS-Go sparse checkout has no project-suite reference baseline for this fixture; runner JSON supplies scenario/options only, and this case has not been independently executed through TS-Go CLI.		mapped to upstream runner case(s); pending focused Rust behavior test and direct oracle check
projects	projects/decoratorMetadata/emitDecoratorMetadataSystemJS/main.ts	Emit decorator metadata when commonJS and isolatedModules are on	project/emitDecoratorMetadataSystemJS.json	"runner=project/emitDecoratorMetadataSystemJS.json:{""scenario"":""Emit decorator metadata when commonJS and isolatedModules are on"",""runTest"":true} || checked_in_tsconfig=projects/decoratorMetadata/emitDecoratorMetadataSystemJS/tsconfig.json={""files"":[""main.ts""],""compilerOptions"":{""target"":""es5"",""module"":""system"",""emitDecoratorMetadata"":true,""experimentalDecorators"":true}}"	fixture under a runner project root; exact input selection/options are listed per case	Oracle gap: pinned TS-Go sparse checkout has no project-suite reference baseline for this fixture; runner JSON supplies scenario/options only, and this case has not been independently executed through TS-Go CLI.		mapped to upstream runner case(s); pending focused Rust behavior test and direct oracle check
projects	projects/decoratorMetadata/emitDecoratorMetadataSystemJSIsolatedModule/main.ts	Emit decorator metadata when commonJS and isolatedModules are on	project/emitDecoratorMetadataSystemJSISolatedModules.json	"runner=project/emitDecoratorMetadataSystemJSISolatedModules.json:{""scenario"":""Emit decorator metadata when commonJS and isolatedModules are on"",""runTest"":true} || checked_in_tsconfig=projects/decoratorMetadata/emitDecoratorMetadataSystemJSIsolatedModule/tsconfig.json={""files"":[""main.ts""],""compilerOptions"":{""target"":""es5"",""module"":""system"",""moduleResolution"":""node"",""emitDecoratorMetadata"":true,""experimentalDecorators"":true,""isolatedModules"":true}}"	fixture under a runner project root; exact input selection/options are listed per case	Oracle gap: pinned TS-Go sparse checkout has no project-suite reference baseline for this fixture; runner JSON supplies scenario/options only, and this case has not been independently executed through TS-Go CLI.		mapped to upstream runner case(s); pending focused Rust behavior test and direct oracle check
projects	projects/decoratorMetadata/emitDecoratorMetadataSystemJSIsolatedModuleNoResolve/main.ts	Emit decorator metadata when commonJS and isolatedModules are on	project/emitDecoratorMetadataSystemJSISolatedModulesNoResolve.json	"runner=project/emitDecoratorMetadataSystemJSISolatedModulesNoResolve.json:{""scenario"":""Emit decorator metadata when commonJS and isolatedModules are on"",""runTest"":true} || checked_in_tsconfig=projects/decoratorMetadata/emitDecoratorMetadataSystemJSIsolatedModuleNoResolve/tsconfig.json={""files"":[""main.ts""],""compilerOptions"":{""target"":""es5"",""module"":""system"",""moduleResolution"":""node"",""emitDecoratorMetadata"":true,""experimentalDecorators"":true,""isolatedModules"":true,""noResolve"":true}}"	fixture under a runner project root; exact input selection/options are listed per case	Oracle gap: pinned TS-Go sparse checkout has no project-suite reference baseline for this fixture; runner JSON supplies scenario/options only, and this case has not been independently executed through TS-Go CLI.		mapped to upstream runner case(s); pending focused Rust behavior test and direct oracle check
projects	projects/ext-int-ext/external.ts	ext referencing ext and int | int referencing ext and int	project/extReferencingExtAndInt.json;project/intReferencingExtAndInt.json	"runner=project/extReferencingExtAndInt.json:{""scenario"":""ext referencing ext and int"",""inputFiles"":[""external.ts""]} || project/intReferencingExtAndInt.json:{""scenario"":""int referencing ext and int"",""inputFiles"":[""internal2.ts""]} || checked_in_tsconfig=none"	explicit runner input or project input	Oracle gap: pinned TS-Go sparse checkout has no project-suite reference baseline for this fixture; runner JSON supplies scenario/options only, and this case has not been independently executed through TS-Go CLI.		mapped to upstream runner case(s); pending focused Rust behavior test and direct oracle check
projects	projects/ext-int-ext/external2.ts	ext referencing ext and int | int referencing ext and int	project/extReferencingExtAndInt.json;project/intReferencingExtAndInt.json	"runner=project/extReferencingExtAndInt.json:{""scenario"":""ext referencing ext and int"",""inputFiles"":[""external.ts""]} || project/intReferencingExtAndInt.json:{""scenario"":""int referencing ext and int"",""inputFiles"":[""internal2.ts""]} || checked_in_tsconfig=none"	fixture under a runner project root; exact input selection/options are listed per case	Oracle gap: pinned TS-Go sparse checkout has no project-suite reference baseline for this fixture; runner JSON supplies scenario/options only, and this case has not been independently executed through TS-Go CLI.		mapped to upstream runner case(s); pending focused Rust behavior test and direct oracle check
projects	projects/ext-int-ext/internal.ts	ext referencing ext and int | int referencing ext and int	project/extReferencingExtAndInt.json;project/intReferencingExtAndInt.json	"runner=project/extReferencingExtAndInt.json:{""scenario"":""ext referencing ext and int"",""inputFiles"":[""external.ts""]} || project/intReferencingExtAndInt.json:{""scenario"":""int referencing ext and int"",""inputFiles"":[""internal2.ts""]} || checked_in_tsconfig=none"	fixture under a runner project root; exact input selection/options are listed per case	Oracle gap: pinned TS-Go sparse checkout has no project-suite reference baseline for this fixture; runner JSON supplies scenario/options only, and this case has not been independently executed through TS-Go CLI.		mapped to upstream runner case(s); pending focused Rust behavior test and direct oracle check
projects	projects/ext-int-ext/internal2.ts	ext referencing ext and int | int referencing ext and int	project/extReferencingExtAndInt.json;project/intReferencingExtAndInt.json	"runner=project/extReferencingExtAndInt.json:{""scenario"":""ext referencing ext and int"",""inputFiles"":[""external.ts""]} || project/intReferencingExtAndInt.json:{""scenario"":""int referencing ext and int"",""inputFiles"":[""internal2.ts""]} || checked_in_tsconfig=none"	explicit runner input or project input	Oracle gap: pinned TS-Go sparse checkout has no project-suite reference baseline for this fixture; runner JSON supplies scenario/options only, and this case has not been independently executed through TS-Go CLI.		mapped to upstream runner case(s); pending focused Rust behavior test and direct oracle check
projects	projects/jsFileCompilation/DifferentNamesNotSpecified/a.ts	Verify when different named .ts and .js file exists in the folder and tsconfig.json doesnt specify any files	project/jsFileCompilationDifferentNamesNotSpecified.json	"runner=project/jsFileCompilationDifferentNamesNotSpecified.json:{""scenario"":""Verify when different named .ts and .js file exists in the folder and tsconfig.json doesnt specify any files"",""project"":""DifferentNamesNotSpecified"",""declaration"":true} || checked_in_tsconfig=projects/jsFileCompilation/DifferentNamesNotSpecified/tsconfig.json={""compilerOptions"":{""outFile"":""test.js""}}"	fixture under a runner project root; exact input selection/options are listed per case	Oracle gap: pinned TS-Go sparse checkout has no project-suite reference baseline for this fixture; runner JSON supplies scenario/options only, and this case has not been independently executed through TS-Go CLI.		mapped to upstream runner case(s); pending focused Rust behavior test and direct oracle check
projects	projects/jsFileCompilation/DifferentNamesNotSpecifiedWithAllowJs/a.ts	Verify when different named .ts and .js file exists in the folder and tsconfig.json doesnt specify any files and .js files are consumed	project/jsFileCompilationDifferentNamesNotSpecifiedWithAllowJs.json	"runner=project/jsFileCompilationDifferentNamesNotSpecifiedWithAllowJs.json:{""scenario"":""Verify when different named .ts and .js file exists in the folder and tsconfig.json doesnt specify any files and .js files are consumed"",""project"":""DifferentNamesNotSpecifiedWithAllowJs"",""declaration"":true} || checked_in_tsconfig=projects/jsFileCompilation/DifferentNamesNotSpecifiedWithAllowJs/tsconfig.json={""compilerOptions"":{""outFile"":""test.js"",""allowJs"":true}}"	fixture under a runner project root; exact input selection/options are listed per case	TS-Go 7.0.2 -p with pinned tsconfig and declaration=true runner option reports TS5102 for removed outFile and TS5055 for b.js collision.	should_reject_legacy_out_file_given_allow_js_project_when_running_compiler_cli	oracle-verified; mapped to focused red Rust test
projects	projects/jsFileCompilation/DifferentNamesSpecified/a.ts	Verify when different .ts and .js file exist and their names are specified in tsconfig.json	project/jsFileCompilationDifferentNamesSpecified.json	"runner=project/jsFileCompilationDifferentNamesSpecified.json:{""scenario"":""Verify when different .ts and .js file exist and their names are specified in tsconfig.json"",""project"":""DifferentNamesSpecified"",""declaration"":true} || checked_in_tsconfig=projects/jsFileCompilation/DifferentNamesSpecified/tsconfig.json={""files"":[""a.ts"",""b.js""],""compilerOptions"":{""outFile"":""test.js""}}"	fixture under a runner project root; exact input selection/options are listed per case	Oracle gap: pinned TS-Go sparse checkout has no project-suite reference baseline for this fixture; runner JSON supplies scenario/options only, and this case has not been independently executed through TS-Go CLI.		mapped to upstream runner case(s); pending focused Rust behavior test and direct oracle check
projects	projects/jsFileCompilation/DifferentNamesSpecifiedWithAllowJs/a.ts	Verify when different .ts and .js file exist and their names are specified in tsconfig.json and .js files are consumed	project/jsFileCompilationDifferentNamesSpecifiedWithAllowJs.json	"runner=project/jsFileCompilationDifferentNamesSpecifiedWithAllowJs.json:{""scenario"":""Verify when different .ts and .js file exist and their names are specified in tsconfig.json and .js files are consumed"",""project"":""DifferentNamesSpecifiedWithAllowJs"",""declaration"":true} || checked_in_tsconfig=projects/jsFileCompilation/DifferentNamesSpecifiedWithAllowJs/tsconfig.json={""files"":[""a.ts"",""b.js""],""compilerOptions"":{""outFile"":""test.js"",""allowJs"":true}}"	fixture under a runner project root; exact input selection/options are listed per case	Oracle gap: pinned TS-Go sparse checkout has no project-suite reference baseline for this fixture; runner JSON supplies scenario/options only, and this case has not been independently executed through TS-Go CLI.		mapped to upstream runner case(s); pending focused Rust behavior test and direct oracle check
projects	projects/jsFileCompilation/SameNameDTsNotSpecified/a.d.ts	Verify when same named .d.ts and .js file exists in the folder but no file is specified in tsconfig.json	project/jsFileCompilationSameNameDtsNotSpecified.json	"runner=project/jsFileCompilationSameNameDtsNotSpecified.json:{""scenario"":""Verify when same named .d.ts and .js file exists in the folder but no file is specified in tsconfig.json"",""project"":""SameNameDTsNotSpecified"",""declaration"":true} || checked_in_tsconfig=projects/jsFileCompilation/SameNameDTsNotSpecified/tsconfig.json=unparsed"	fixture under a runner project root; exact input selection/options are listed per case	Oracle gap: pinned TS-Go sparse checkout has no project-suite reference baseline for this fixture; runner JSON supplies scenario/options only, and this case has not been independently executed through TS-Go CLI.		mapped to upstream runner case(s); pending focused Rust behavior test and direct oracle check
projects	projects/jsFileCompilation/SameNameDTsNotSpecifiedWithAllowJs/a.d.ts	Verify when same named .d.ts and .js file exists in the folder but no file is specified in tsconfig.json and .js files are consumed	project/jsFileCompilationSameNameDtsNotSpecifiedWithAllowJs.json	"runner=project/jsFileCompilationSameNameDtsNotSpecifiedWithAllowJs.json:{""scenario"":""Verify when same named .d.ts and .js file exists in the folder but no file is specified in tsconfig.json and .js files are consumed"",""project"":""SameNameDTsNotSpecifiedWithAllowJs"",""declaration"":true} || checked_in_tsconfig=projects/jsFileCompilation/SameNameDTsNotSpecifiedWithAllowJs/tsconfig.json={""compilerOptions"":{""allowJs"":true}}"	fixture under a runner project root; exact input selection/options are listed per case	Oracle gap: pinned TS-Go sparse checkout has no project-suite reference baseline for this fixture; runner JSON supplies scenario/options only, and this case has not been independently executed through TS-Go CLI.		mapped to upstream runner case(s); pending focused Rust behavior test and direct oracle check
projects	projects/jsFileCompilation/SameNameDTsSpecified/a.d.ts	Verify when same named .d.ts and .js file exists in the folder but .d.ts file is specified in tsconfig.json	project/jsFileCompilationSameNameDTsSpecified.json	"runner=project/jsFileCompilationSameNameDTsSpecified.json:{""scenario"":""Verify when same named .d.ts and .js file exists in the folder but .d.ts file is specified in tsconfig.json"",""project"":""SameNameDTsSpecified"",""declaration"":true} || checked_in_tsconfig=projects/jsFileCompilation/SameNameDTsSpecified/tsconfig.json={""files"":[""a.d.ts""]}"	fixture under a runner project root; exact input selection/options are listed per case	Oracle gap: pinned TS-Go sparse checkout has no project-suite reference baseline for this fixture; runner JSON supplies scenario/options only, and this case has not been independently executed through TS-Go CLI.		mapped to upstream runner case(s); pending focused Rust behavior test and direct oracle check
projects	projects/jsFileCompilation/SameNameDTsSpecifiedWithAllowJs/a.d.ts	Verify when same named .d.ts and .js file exists in the folder but .d.ts file is specified in tsconfig.json and .js files are consumed	project/jsFileCompilationSameNameDTsSpecifiedWithAllowJs.json	"runner=project/jsFileCompilationSameNameDTsSpecifiedWithAllowJs.json:{""scenario"":""Verify when same named .d.ts and .js file exists in the folder but .d.ts file is specified in tsconfig.json and .js files are consumed"",""project"":""SameNameDTsSpecifiedWithAllowJs"",""declaration"":true} || checked_in_tsconfig=projects/jsFileCompilation/SameNameDTsSpecifiedWithAllowJs/tsconfig.json={""files"":[""a.d.ts""],""compilerOptions"":{""allowJs"":true}}"	fixture under a runner project root; exact input selection/options are listed per case	Oracle gap: pinned TS-Go sparse checkout has no project-suite reference baseline for this fixture; runner JSON supplies scenario/options only, and this case has not been independently executed through TS-Go CLI.		mapped to upstream runner case(s); pending focused Rust behavior test and direct oracle check
projects	projects/jsFileCompilation/SameNameFilesNotSpecified/a.ts	Verify when same named .ts and .js file exists in the folder but no file is specified in tsconfig.json	project/jsFileCompilationSameNameFilesNotSpecified.json	"runner=project/jsFileCompilationSameNameFilesNotSpecified.json:{""scenario"":""Verify when same named .ts and .js file exists in the folder but no file is specified in tsconfig.json"",""project"":""SameNameFilesNotSpecified"",""declaration"":true} || checked_in_tsconfig=projects/jsFileCompilation/SameNameFilesNotSpecified/tsconfig.json=unparsed"	fixture under a runner project root; exact input selection/options are listed per case	Oracle gap: pinned TS-Go sparse checkout has no project-suite reference baseline for this fixture; runner JSON supplies scenario/options only, and this case has not been independently executed through TS-Go CLI.		mapped to upstream runner case(s); pending focused Rust behavior test and direct oracle check
projects	projects/jsFileCompilation/SameNameFilesNotSpecifiedWithAllowJs/a.ts	Verify when same named .ts and .js file exists in the folder but no file is specified in tsconfig.json and .js files are consumed	project/jsFileCompilationSameNameFilesNotSpecifiedWithAllowJs.json	"runner=project/jsFileCompilationSameNameFilesNotSpecifiedWithAllowJs.json:{""scenario"":""Verify when same named .ts and .js file exists in the folder but no file is specified in tsconfig.json and .js files are consumed"",""project"":""SameNameFilesNotSpecifiedWithAllowJs"",""declaration"":true} || checked_in_tsconfig=projects/jsFileCompilation/SameNameFilesNotSpecifiedWithAllowJs/tsconfig.json={""compilerOptions"":{""allowJs"":true}}"	fixture under a runner project root; exact input selection/options are listed per case	Oracle gap: pinned TS-Go sparse checkout has no project-suite reference baseline for this fixture; runner JSON supplies scenario/options only, and this case has not been independently executed through TS-Go CLI.		mapped to upstream runner case(s); pending focused Rust behavior test and direct oracle check
projects	projects/jsFileCompilation/SameNameTsSpecified/a.ts	Verify when same named .ts and .js file exists in the folder but .ts file is specified in tsconfig.json	project/jsFileCompilationSameNameFilesSpecified.json	"runner=project/jsFileCompilationSameNameFilesSpecified.json:{""scenario"":""Verify when same named .ts and .js file exists in the folder but .ts file is specified in tsconfig.json"",""project"":""SameNameTsSpecified"",""declaration"":true} || checked_in_tsconfig=projects/jsFileCompilation/SameNameTsSpecified/tsconfig.json={""files"":[""a.ts""]}"	fixture under a runner project root; exact input selection/options are listed per case	Oracle gap: pinned TS-Go sparse checkout has no project-suite reference baseline for this fixture; runner JSON supplies scenario/options only, and this case has not been independently executed through TS-Go CLI.		mapped to upstream runner case(s); pending focused Rust behavior test and direct oracle check
projects	projects/jsFileCompilation/SameNameTsSpecifiedWithAllowJs/a.ts	Verify when same named .ts and .js file exists in the folder but .ts file is specified in tsconfig.json and .js files are consumed	project/jsFileCompilationSameNameFilesSpecifiedWithAllowJs.json	"runner=project/jsFileCompilationSameNameFilesSpecifiedWithAllowJs.json:{""scenario"":""Verify when same named .ts and .js file exists in the folder but .ts file is specified in tsconfig.json and .js files are consumed"",""project"":""SameNameTsSpecifiedWithAllowJs"",""declaration"":true} || checked_in_tsconfig=projects/jsFileCompilation/SameNameTsSpecifiedWithAllowJs/tsconfig.json={""files"":[""a.ts""],""compilerOptions"":{""allowJs"":true}}"	fixture under a runner project root; exact input selection/options are listed per case	Oracle gap: pinned TS-Go sparse checkout has no project-suite reference baseline for this fixture; runner JSON supplies scenario/options only, and this case has not been independently executed through TS-Go CLI.		mapped to upstream runner case(s); pending focused Rust behavior test and direct oracle check
projects	projects/moduleMergeOrder/a.ts	module merging ordering 1 | module merging ordering 2	project/moduleMergingOrdering1.json;project/moduleMergingOrdering2.json	"runner=project/moduleMergingOrdering1.json:{""scenario"":""module merging ordering 1"",""inputFiles"":[""a.ts"",""b.ts""]} || project/moduleMergingOrdering2.json:{""scenario"":""module merging ordering 2"",""inputFiles"":[""b.ts"",""a.ts""]} || checked_in_tsconfig=none"	explicit runner input or project input	Oracle gap: pinned TS-Go sparse checkout has no project-suite reference baseline for this fixture; runner JSON supplies scenario/options only, and this case has not been independently executed through TS-Go CLI.		mapped to upstream runner case(s); pending focused Rust behavior test and direct oracle check
projects	projects/moduleMergeOrder/b.ts	module merging ordering 1 | module merging ordering 2	project/moduleMergingOrdering1.json;project/moduleMergingOrdering2.json	"runner=project/moduleMergingOrdering1.json:{""scenario"":""module merging ordering 1"",""inputFiles"":[""a.ts"",""b.ts""]} || project/moduleMergingOrdering2.json:{""scenario"":""module merging ordering 2"",""inputFiles"":[""b.ts"",""a.ts""]} || checked_in_tsconfig=none"	explicit runner input or project input	Oracle gap: pinned TS-Go sparse checkout has no project-suite reference baseline for this fixture; runner JSON supplies scenario/options only, and this case has not been independently executed through TS-Go CLI.		mapped to upstream runner case(s); pending focused Rust behavior test and direct oracle check
projects	projects/non-relative/consume.ts	non-relative	project/nonRelative.json	"runner=project/nonRelative.json:{""scenario"":""non-relative"",""inputFiles"":[""consume.ts""]} || checked_in_tsconfig=none"	explicit runner input or project input	TS-Go 7.0.2 resolves the reduced import to configs/base/lib/bar/a.ts using paths declared in the subdirectory config, despite an incompatible root-level candidate. The original fixture uses import-equals syntax, which this reduced case does not cover.	should_resolve_non_relative_project_import_given_paths_pattern_when_running_compiler_cli;should_resolve_inherited_path_pattern_given_project_import_when_running_compiler_cli	oracle-verified direct and inherited paths project tests; original import-equals form remains separate
projects	projects/non-relative/decl.ts	non-relative	project/nonRelative.json	"runner=project/nonRelative.json:{""scenario"":""non-relative"",""inputFiles"":[""consume.ts""]} || checked_in_tsconfig=none"	fixture under a runner project root; exact input selection/options are listed per case	Oracle gap: pinned TS-Go sparse checkout has no project-suite reference baseline for this fixture; runner JSON supplies scenario/options only, and this case has not been independently executed through TS-Go CLI.		mapped to upstream runner case(s); pending focused Rust behavior test and direct oracle check
projects	projects/non-relative/lib/bar/a.ts	non-relative	project/nonRelative.json	"runner=project/nonRelative.json:{""scenario"":""non-relative"",""inputFiles"":[""consume.ts""]} || checked_in_tsconfig=none"	fixture under a runner project root; exact input selection/options are listed per case	Oracle gap: pinned TS-Go sparse checkout has no project-suite reference baseline for this fixture; runner JSON supplies scenario/options only, and this case has not been independently executed through TS-Go CLI.		mapped to upstream runner case(s); pending focused Rust behavior test and direct oracle check
projects	projects/non-relative/lib/foo/a.ts	non-relative	project/nonRelative.json	"runner=project/nonRelative.json:{""scenario"":""non-relative"",""inputFiles"":[""consume.ts""]} || checked_in_tsconfig=none"	fixture under a runner project root; exact input selection/options are listed per case	Oracle gap: pinned TS-Go sparse checkout has no project-suite reference baseline for this fixture; runner JSON supplies scenario/options only, and this case has not been independently executed through TS-Go CLI.		mapped to upstream runner case(s); pending focused Rust behavior test and direct oracle check
projects	projects/non-relative/lib/foo/b.ts	non-relative	project/nonRelative.json	"runner=project/nonRelative.json:{""scenario"":""non-relative"",""inputFiles"":[""consume.ts""]} || checked_in_tsconfig=none"	fixture under a runner project root; exact input selection/options are listed per case	Oracle gap: pinned TS-Go sparse checkout has no project-suite reference baseline for this fixture; runner JSON supplies scenario/options only, and this case has not been independently executed through TS-Go CLI.		mapped to upstream runner case(s); pending focused Rust behavior test and direct oracle check
projects	projects/outputdir_mixed_subfolder/ref/m1.ts	[Sourcemap]/[Maproot-AbsolutePath]: outputdir_mixed_subfolder: no outdir | [Sourcemap]/[Maproot-AbsolutePath]: outputdir_mixed_subfolder: specify outputDirectory | [Sourcemap]/[Maproot-AbsolutePath]:outputdir_mixed_subfolder: specify outputFile and outputDirectory | [Sourcemap]/[Maproot-RelativePath]: outputdir_mixed_subfolder: no outdir | [Sourcemap]/[Maproot-RelativePath]: outputdir_mixed_subfolder: specify outputDirectory | [Sourcemap]/[Maproot-RelativePath]:outputdir_mixed_subfolder: specify outputFile and outputDirectory | [Sourcemap]/[Maproot-Url]: outputdir_mixed_subfolder: no outdir | [Sourcemap]/[Maproot-Url]: outputdir_mixed_subfolder: specify outputDirectory | [Sourcemap]/[Maproot-Url]:outputdir_mixed_subfolder: specify outputFile and outputDirectory | [Sourcemap]/[Maproot-Url]/[Sourceroot-Url]: outputdir_mixed_subfolder: no outdir | [Sourcemap]/[Maproot-Url]/[Sourceroot-Url]: outputdir_mixed_subfolder: specify outputDirectory | [Sourcemap]/[Maproot-Url]/[Sourceroot-Url]:outputdir_mixed_subfolder: specify outputFile and outputDirectory | outputdir_mixed_subfolder: no outdir | outputdir_mixed_subfolder: specify outputDirectory | outputdir_mixed_subfolder: specify outputFile | outputdir_mixed_subfolder: specify outputFile and outputDirectory | [Sourcemap]/[Sourceroot-AbsolutePath]: outputdir_mixed_subfolder: no outdir | [Sourcemap]/[Sourceroot-AbsolutePath]: outputdir_mixed_subfolder: specify outputDirectory | [Sourcemap]/[Sourceroot-AbsolutePath]:outputdir_mixed_subfolder: specify outputFile and outputDirectory | [Sourcemap]/[Sourceroot-RelativePath]: outputdir_mixed_subfolder: no outdir | [Sourcemap]/[Sourceroot-RelativePath]: outputdir_mixed_subfolder: specify outputDirectory | [Sourcemap]/[Sourceroot-RelativePath]:outputdir_mixed_subfolder: specify outputFile and outputDirectory | [Sourcemap]: outputdir_mixed_subfolder: no outdir | [Sourcemap]: outputdir_mixed_subfolder: specify outputDirectory | [Sourcemap] outputdir_mixed_subfolder: specify outputFile and outputDirectory | [Sourcemap]/[Sourceroot-Url]: outputdir_mixed_subfolder: no outdir | [Sourcemap]/[Sourceroot-Url]: outputdir_mixed_subfolder: specify outputDirectory | [Sourcemap]/[Sourceroot-Url]:outputdir_mixed_subfolder: specify outputFile and outputDirectory	project/mapRootAbsolutePathMixedSubfolderNoOutdir.json;project/mapRootAbsolutePathMixedSubfolderSpecifyOutputDirectory.json;project/mapRootAbsolutePathMixedSubfolderSpecifyOutputFile.json;project/mapRootAbsolutePathMixedSubfolderSpecifyOutputFileAndOutputDirectory.json;project/mapRootRelativePathMixedSubfolderNoOutdir.json;project/mapRootRelativePathMixedSubfolderSpecifyOutputDirectory.json;project/mapRootRelativePathMixedSubfolderSpecifyOutputFile.json;project/mapRootRelativePathMixedSubfolderSpecifyOutputFileAndOutputDirectory.json;project/maprootUrlMixedSubfolderNoOutdir.json;project/maprootUrlMixedSubfolderSpecifyOutputDirectory.json;project/maprootUrlMixedSubfolderSpecifyOutputFile.json;project/maprootUrlMixedSubfolderSpecifyOutputFileAndOutputDirectory.json;project/maprootUrlsourcerootUrlMixedSubfolderNoOutdir.json;project/maprootUrlsourcerootUrlMixedSubfolderSpecifyOutputDirectory.json;project/maprootUrlsourcerootUrlMixedSubfolderSpecifyOutputFile.json;project/maprootUrlsourcerootUrlMixedSubfolderSpecifyOutputFileAndOutputDirectory.json;project/outMixedSubfolderNoOutdir.json;project/outMixedSubfolderSpecifyOutputDirectory.json;project/outMixedSubfolderSpecifyOutputFile.json;project/outMixedSubfolderSpecifyOutputFileAndOutputDirectory.json;project/sourceRootAbsolutePathMixedSubfolderNoOutdir.json;project/sourceRootAbsolutePathMixedSubfolderSpecifyOutputDirectory.json;project/sourceRootAbsolutePathMixedSubfolderSpecifyOutputFile.json;project/sourceRootAbsolutePathMixedSubfolderSpecifyOutputFileAndOutputDirectory.json;project/sourceRootRelativePathMixedSubfolderNoOutdir.json;project/sourceRootRelativePathMixedSubfolderSpecifyOutputDirectory.json;project/sourceRootRelativePathMixedSubfolderSpecifyOutputFile.json;project/sourceRootRelativePathMixedSubfolderSpecifyOutputFileAndOutputDirectory.json;project/sourcemapMixedSubfolderNoOutdir.json;project/sourcemapMixedSubfolderSpecifyOutputDirectory.json;project/sourcemapMixedSubfolderSpecifyOutputFile.json;project/sourcemapMixedSubfolderSpecifyOutputFileAndOutputDirectory.json;project/sourcerootUrlMixedSubfolderNoOutdir.json;project/sourcerootUrlMixedSubfolderSpecifyOutputDirectory.json;project/sourcerootUrlMixedSubfolderSpecifyOutputFile.json;project/sourcerootUrlMixedSubfolderSpecifyOutputFileAndOutputDirectory.json	"runner=project/mapRootAbsolutePathMixedSubfolderNoOutdir.json:{""scenario"":""[Sourcemap]/[Maproot-AbsolutePath]: outputdir_mixed_subfolder: no outdir"",""inputFiles"":[""test.ts""],""declaration"":true,""mapRoot"":""tests/cases/projects/outputdir_mixed_subfolder/mapFiles"",""resolveMapRoot"":true,""sourceMap"":true} || project/mapRootAbsolutePathMixedSubfolderSpecifyOutputDirectory.json:{""scenario"":""[Sourcemap]/[Maproot-AbsolutePath]: outputdir_mixed_subfolder: specify outputDirectory"",""inputFiles"":[""test.ts""],""declaration"":true,""mapRoot"":""tests/cases/projects/outputdir_mixed_subfolder/mapFiles"",""outDir"":""outdir/simple"",""resolveMapRoot"":true,""sourceMap"":true} || project/mapRootAbsolutePathMixedSubfolderSpecifyOutputFile.json:{""scenario"":""[Sourcemap]/[Maproot-AbsolutePath]: outputdir_mixed_subfolder: no outdir"",""inputFiles"":[""test.ts""],""declaration"":true,""mapRoot"":""tests/cases/projects/outputdir_mixed_subfolder/mapFiles"",""outFile"":""bin/test.js"",""resolveMapRoot"":true,""sourceMap"":true} || project/mapRootAbsolutePathMixedSubfolderSpecifyOutputFileAndOutputDirectory.json:{""scenario"":""[Sourcemap]/[Maproot-AbsolutePath]:outputdir_mixed_subfolder: specify outputFile and outputDirectory"",""inputFiles"":[""test.ts""],""declaration"":true,""mapRoot"":""tests/cases/projects/outputdir_mixed_subfolder/mapFiles"",""outDir"":""outdir/outAndOutDirFolder"",""outFile"":""bin/outAndOutDirFile.js"",""resolveMapRoot"":true,""sourceMap"":true} || project/mapRootRelativePathMixedSubfolderNoOutdir.json:{""scenario"":""[Sourcemap]/[Maproot-RelativePath]: outputdir_mixed_subfolder: no outdir"",""inputFiles"":[""test.ts""],""declaration"":true,""mapRoot"":""../mapFiles"",""sourceMap"":true} || project/mapRootRelativePathMixedSubfolderSpecifyOutputDirectory.json:{""scenario"":""[Sourcemap]/[Maproot-RelativePath]: outputdir_mixed_subfolder: specify outputDirectory"",""inputFiles"":[""test.ts""],""declaration"":true,""mapRoot"":""../mapFiles"",""outDir"":""outdir/simple"",""sourceMap"":true} || project/mapRootRelativePathMixedSubfolderSpecifyOutputFile.json:{""scenario"":""[Sourcemap]/[Maproot-RelativePath]: outputdir_mixed_subfolder: no outdir"",""inputFiles"":[""test.ts""],""declaration"":true,""mapRoot"":""../mapFiles"",""outFile"":""bin/test.js"",""sourceMap"":true} || project/mapRootRelativePathMixedSubfolderSpecifyOutputFileAndOutputDirectory.json:{""scenario"":""[Sourcemap]/[Maproot-RelativePath]:outputdir_mixed_subfolder: specify outputFile and outputDirectory"",""inputFiles"":[""test.ts""],""declaration"":true,""mapRoot"":""../mapFiles"",""outDir"":""outdir/outAndOutDirFolder"",""outFile"":""bin/outAndOutDirFile.js"",""sourceMap"":true} || project/maprootUrlMixedSubfolderNoOutdir.json:{""scenario"":""[Sourcemap]/[Maproot-Url]: outputdir_mixed_subfolder: no outdir"",""inputFiles"":[""test.ts""],""declaration"":true,""mapRoot"":""http://www.typescriptlang.org/"",""sourceMap"":true} || project/maprootUrlMixedSubfolderSpecifyOutputDirectory.json:{""scenario"":""[Sourcemap]/[Maproot-Url]: outputdir_mixed_subfolder: specify outputDirectory"",""inputFiles"":[""test.ts""],""declaration"":true,""mapRoot"":""http://www.typescriptlang.org/"",""outDir"":""outdir/simple"",""sourceMap"":true} || project/maprootUrlMixedSubfolderSpecifyOutputFile.json:{""scenario"":""[Sourcemap]/[Maproot-Url]: outputdir_mixed_subfolder: no outdir"",""inputFiles"":[""test.ts""],""declaration"":true,""mapRoot"":""http://www.typescriptlang.org/"",""outFile"":""bin/test.js"",""sourceMap"":true} || project/maprootUrlMixedSubfolderSpecifyOutputFileAndOutputDirectory.json:{""scenario"":""[Sourcemap]/[Maproot-Url]:outputdir_mixed_subfolder: specify outputFile and outputDirectory"",""inputFiles"":[""test.ts""],""declaration"":true,""mapRoot"":""http://www.typescriptlang.org/"",""outDir"":""outdir/outAndOutDirFolder"",""outFile"":""bin/outAndOutDirFile.js"",""sourceMap"":true} || project/maprootUrlsourcerootUrlMixedSubfolderNoOutdir.json:{""scenario"":""[Sourcemap]/[Maproot-Url]/[Sourceroot-Url]: outputdir_mixed_subfolder: no outdir"",""inputFiles"":[""test.ts""],""declaration"":true,""mapRoot"":""http://www.typescriptlang.org/"",""sourceMap"":true,""sourceRoot"":""http://typescript.codeplex.com/""} || project/maprootUrlsourcerootUrlMixedSubfolderSpecifyOutputDirectory.json:{""scenario"":""[Sourcemap]/[Maproot-Url]/[Sourceroot-Url]: outputdir_mixed_subfolder: specify outputDirectory"",""inputFiles"":[""test.ts""],""declaration"":true,""mapRoot"":""http://www.typescriptlang.org/"",""outDir"":""outdir/simple"",""sourceMap"":true,""sourceRoot"":""http://typescript.codeplex.com/""} || project/maprootUrlsourcerootUrlMixedSubfolderSpecifyOutputFile.json:{""scenario"":""[Sourcemap]/[Maproot-Url]/[Sourceroot-Url]: outputdir_mixed_subfolder: no outdir"",""inputFiles"":[""test.ts""],""declaration"":true,""mapRoot"":""http://www.typescriptlang.org/"",""outFile"":""bin/test.js"",""sourceMap"":true,""sourceRoot"":""http://typescript.codeplex.com/""} || project/maprootUrlsourcerootUrlMixedSubfolderSpecifyOutputFileAndOutputDirectory.json:{""scenario"":""[Sourcemap]/[Maproot-Url]/[Sourceroot-Url]:outputdir_mixed_subfolder: specify outputFile and outputDirectory"",""inputFiles"":[""test.ts""],""declaration"":true,""mapRoot"":""http://www.typescriptlang.org/"",""outDir"":""outdir/outAndOutDirFolder"",""outFile"":""bin/outAndOutDirFile.js"",""sourceMap"":true,""sourceRoot"":""http://typescript.codeplex.com/""} || project/outMixedSubfolderNoOutdir.json:{""scenario"":""outputdir_mixed_subfolder: no outdir"",""inputFiles"":[""test.ts""],""declaration"":true} || project/outMixedSubfolderSpecifyOutputDirectory.json:{""scenario"":""outputdir_mixed_subfolder: specify outputDirectory"",""inputFiles"":[""test.ts""],""declaration"":true,""outDir"":""outdir/simple""} || project/outMixedSubfolderSpecifyOutputFile.json:{""scenario"":""outputdir_mixed_subfolder: specify outputFile"",""inputFiles"":[""test.ts""],""declaration"":true,""outFile"":""bin/test.js""} || project/outMixedSubfolderSpecifyOutputFileAndOutputDirectory.json:{""scenario"":""outputdir_mixed_subfolder: specify outputFile and outputDirectory"",""inputFiles"":[""test.ts""],""declaration"":true,""outDir"":""outdir/outAndOutDirFolder"",""outFile"":""bin/outAndOutDirFile.js""} || project/sourceRootAbsolutePathMixedSubfolderNoOutdir.json:{""scenario"":""[Sourcemap]/[Sourceroot-AbsolutePath]: outputdir_mixed_subfolder: no outdir"",""inputFiles"":[""test.ts""],""declaration"":true,""resolveSourceRoot"":true,""sourceMap"":true,""sourceRoot"":""tests/cases/projects/outputdir_mixed_subfolder/src""} || project/sourceRootAbsolutePathMixedSubfolderSpecifyOutputDirectory.json:{""scenario"":""[Sourcemap]/[Sourceroot-AbsolutePath]: outputdir_mixed_subfolder: specify outputDirectory"",""inputFiles"":[""test.ts""],""declaration"":true,""outDir"":""outdir/simple"",""resolveSourceRoot"":true,""sourceMap"":true,""sourceRoot"":""tests/cases/projects/outputdir_mixed_subfolder/src""} || project/sourceRootAbsolutePathMixedSubfolderSpecifyOutputFile.json:{""scenario"":""[Sourcemap]/[Sourceroot-AbsolutePath]: outputdir_mixed_subfolder: no outdir"",""inputFiles"":[""test.ts""],""declaration"":true,""outFile"":""bin/test.js"",""resolveSourceRoot"":true,""sourceMap"":true,""sourceRoot"":""tests/cases/projects/outputdir_mixed_subfolder/src""} || project/sourceRootAbsolutePathMixedSubfolderSpecifyOutputFileAndOutputDirectory.json:{""scenario"":""[Sourcemap]/[Sourceroot-AbsolutePath]:outputdir_mixed_subfolder: specify outputFile and outputDirectory"",""inputFiles"":[""test.ts""],""declaration"":true,""outDir"":""outdir/outAndOutDirFolder"",""outFile"":""bin/outAndOutDirFile.js"",""resolveSourceRoot"":true,""sourceMap"":true,""sourceRoot"":""tests/cases/projects/outputdir_mixed_subfolder/src""} || project/sourceRootRelativePathMixedSubfolderNoOutdir.json:{""scenario"":""[Sourcemap]/[Sourceroot-RelativePath]: outputdir_mixed_subfolder: no outdir"",""inputFiles"":[""test.ts""],""declaration"":true,""sourceMap"":true,""sourceRoot"":""../src""} || project/sourceRootRelativePathMixedSubfolderSpecifyOutputDirectory.json:{""scenario"":""[Sourcemap]/[Sourceroot-RelativePath]: outputdir_mixed_subfolder: specify outputDirectory"",""inputFiles"":[""test.ts""],""declaration"":true,""outDir"":""outdir/simple"",""sourceMap"":true,""sourceRoot"":""../src""} || project/sourceRootRelativePathMixedSubfolderSpecifyOutputFile.json:{""scenario"":""[Sourcemap]/[Sourceroot-RelativePath]: outputdir_mixed_subfolder: no outdir"",""inputFiles"":[""test.ts""],""declaration"":true,""outFile"":""bin/test.js"",""sourceMap"":true,""sourceRoot"":""../src""} || project/sourceRootRelativePathMixedSubfolderSpecifyOutputFileAndOutputDirectory.json:{""scenario"":""[Sourcemap]/[Sourceroot-RelativePath]:outputdir_mixed_subfolder: specify outputFile and outputDirectory"",""inputFiles"":[""test.ts""],""declaration"":true,""outDir"":""outdir/outAndOutDirFolder"",""outFile"":""bin/outAndOutDirFile.js"",""sourceMap"":true,""sourceRoot"":""../src""} || project/sourcemapMixedSubfolderNoOutdir.json:{""scenario"":""[Sourcemap]: outputdir_mixed_subfolder: no outdir"",""inputFiles"":[""test.ts""],""declaration"":true,""sourceMap"":true} || project/sourcemapMixedSubfolderSpecifyOutputDirectory.json:{""scenario"":""[Sourcemap]: outputdir_mixed_subfolder: specify outputDirectory"",""inputFiles"":[""test.ts""],""declaration"":true,""outDir"":""outdir/simple"",""sourceMap"":true} || project/sourcemapMixedSubfolderSpecifyOutputFile.json:{""scenario"":""[Sourcemap]: outputdir_mixed_subfolder: no outdir"",""inputFiles"":[""test.ts""],""declaration"":true,""outFile"":""bin/test.js"",""sourceMap"":true} || project/sourcemapMixedSubfolderSpecifyOutputFileAndOutputDirectory.json:{""scenario"":""[Sourcemap] outputdir_mixed_subfolder: specify outputFile and outputDirectory"",""inputFiles"":[""test.ts""],""declaration"":true,""outDir"":""outdir/outAndOutDirFolder"",""outFile"":""bin/outAndOutDirFile.js"",""sourceMap"":true} || project/sourcerootUrlMixedSubfolderNoOutdir.json:{""scenario"":""[Sourcemap]/[Sourceroot-Url]: outputdir_mixed_subfolder: no outdir"",""inputFiles"":[""test.ts""],""declaration"":true,""sourceMap"":true,""sourceRoot"":""http://typescript.codeplex.com/""} || project/sourcerootUrlMixedSubfolderSpecifyOutputDirectory.json:{""scenario"":""[Sourcemap]/[Sourceroot-Url]: outputdir_mixed_subfolder: specify outputDirectory"",""inputFiles"":[""test.ts""],""declaration"":true,""outDir"":""outdir/simple"",""sourceMap"":true,""sourceRoot"":""http://typescript.codeplex.com/""} || project/sourcerootUrlMixedSubfolderSpecifyOutputFile.json:{""scenario"":""[Sourcemap]/[Sourceroot-Url]: outputdir_mixed_subfolder: no outdir"",""inputFiles"":[""test.ts""],""declaration"":true,""outFile"":""bin/test.js"",""sourceMap"":true,""sourceRoot"":""http://typescript.codeplex.com/""} || project/sourcerootUrlMixedSubfolderSpecifyOutputFileAndOutputDirectory.json:{""scenario"":""[Sourcemap]/[Sourceroot-Url]:outputdir_mixed_subfolder: specify outputFile and outputDirectory"",""inputFiles"":[""test.ts""],""declaration"":true,""outDir"":""outdir/outAndOutDirFolder"",""outFile"":""bin/outAndOutDirFile.js"",""sourceMap"":true,""sourceRoot"":""http://typescript.codeplex.com/""} || checked_in_tsconfig=none"	fixture under a runner project root; exact input selection/options are listed per case	TS-Go 7.0.2 with project/outMixedSubfolderSpecifyOutputDirectory.json emits outdir/simple/ref/m1.js.	should_preserve_referenced_source_subdirectory_given_out_dir_project_option_when_running_compiler_cli	oracle-verified; existing focused Rust project test is red for the same missing referenced-file output
projects	projects/outputdir_mixed_subfolder/ref/m2.ts	[Sourcemap]/[Maproot-AbsolutePath]: outputdir_mixed_subfolder: no outdir | [Sourcemap]/[Maproot-AbsolutePath]: outputdir_mixed_subfolder: specify outputDirectory | [Sourcemap]/[Maproot-AbsolutePath]:outputdir_mixed_subfolder: specify outputFile and outputDirectory | [Sourcemap]/[Maproot-RelativePath]: outputdir_mixed_subfolder: no outdir | [Sourcemap]/[Maproot-RelativePath]: outputdir_mixed_subfolder: specify outputDirectory | [Sourcemap]/[Maproot-RelativePath]:outputdir_mixed_subfolder: specify outputFile and outputDirectory | [Sourcemap]/[Maproot-Url]: outputdir_mixed_subfolder: no outdir | [Sourcemap]/[Maproot-Url]: outputdir_mixed_subfolder: specify outputDirectory | [Sourcemap]/[Maproot-Url]:outputdir_mixed_subfolder: specify outputFile and outputDirectory | [Sourcemap]/[Maproot-Url]/[Sourceroot-Url]: outputdir_mixed_subfolder: no outdir | [Sourcemap]/[Maproot-Url]/[Sourceroot-Url]: outputdir_mixed_subfolder: specify outputDirectory | [Sourcemap]/[Maproot-Url]/[Sourceroot-Url]:outputdir_mixed_subfolder: specify outputFile and outputDirectory | outputdir_mixed_subfolder: no outdir | outputdir_mixed_subfolder: specify outputDirectory | outputdir_mixed_subfolder: specify outputFile | outputdir_mixed_subfolder: specify outputFile and outputDirectory | [Sourcemap]/[Sourceroot-AbsolutePath]: outputdir_mixed_subfolder: no outdir | [Sourcemap]/[Sourceroot-AbsolutePath]: outputdir_mixed_subfolder: specify outputDirectory | [Sourcemap]/[Sourceroot-AbsolutePath]:outputdir_mixed_subfolder: specify outputFile and outputDirectory | [Sourcemap]/[Sourceroot-RelativePath]: outputdir_mixed_subfolder: no outdir | [Sourcemap]/[Sourceroot-RelativePath]: outputdir_mixed_subfolder: specify outputDirectory | [Sourcemap]/[Sourceroot-RelativePath]:outputdir_mixed_subfolder: specify outputFile and outputDirectory | [Sourcemap]: outputdir_mixed_subfolder: no outdir | [Sourcemap]: outputdir_mixed_subfolder: specify outputDirectory | [Sourcemap] outputdir_mixed_subfolder: specify outputFile and outputDirectory | [Sourcemap]/[Sourceroot-Url]: outputdir_mixed_subfolder: no outdir | [Sourcemap]/[Sourceroot-Url]: outputdir_mixed_subfolder: specify outputDirectory | [Sourcemap]/[Sourceroot-Url]:outputdir_mixed_subfolder: specify outputFile and outputDirectory	project/mapRootAbsolutePathMixedSubfolderNoOutdir.json;project/mapRootAbsolutePathMixedSubfolderSpecifyOutputDirectory.json;project/mapRootAbsolutePathMixedSubfolderSpecifyOutputFile.json;project/mapRootAbsolutePathMixedSubfolderSpecifyOutputFileAndOutputDirectory.json;project/mapRootRelativePathMixedSubfolderNoOutdir.json;project/mapRootRelativePathMixedSubfolderSpecifyOutputDirectory.json;project/mapRootRelativePathMixedSubfolderSpecifyOutputFile.json;project/mapRootRelativePathMixedSubfolderSpecifyOutputFileAndOutputDirectory.json;project/maprootUrlMixedSubfolderNoOutdir.json;project/maprootUrlMixedSubfolderSpecifyOutputDirectory.json;project/maprootUrlMixedSubfolderSpecifyOutputFile.json;project/maprootUrlMixedSubfolderSpecifyOutputFileAndOutputDirectory.json;project/maprootUrlsourcerootUrlMixedSubfolderNoOutdir.json;project/maprootUrlsourcerootUrlMixedSubfolderSpecifyOutputDirectory.json;project/maprootUrlsourcerootUrlMixedSubfolderSpecifyOutputFile.json;project/maprootUrlsourcerootUrlMixedSubfolderSpecifyOutputFileAndOutputDirectory.json;project/outMixedSubfolderNoOutdir.json;project/outMixedSubfolderSpecifyOutputDirectory.json;project/outMixedSubfolderSpecifyOutputFile.json;project/outMixedSubfolderSpecifyOutputFileAndOutputDirectory.json;project/sourceRootAbsolutePathMixedSubfolderNoOutdir.json;project/sourceRootAbsolutePathMixedSubfolderSpecifyOutputDirectory.json;project/sourceRootAbsolutePathMixedSubfolderSpecifyOutputFile.json;project/sourceRootAbsolutePathMixedSubfolderSpecifyOutputFileAndOutputDirectory.json;project/sourceRootRelativePathMixedSubfolderNoOutdir.json;project/sourceRootRelativePathMixedSubfolderSpecifyOutputDirectory.json;project/sourceRootRelativePathMixedSubfolderSpecifyOutputFile.json;project/sourceRootRelativePathMixedSubfolderSpecifyOutputFileAndOutputDirectory.json;project/sourcemapMixedSubfolderNoOutdir.json;project/sourcemapMixedSubfolderSpecifyOutputDirectory.json;project/sourcemapMixedSubfolderSpecifyOutputFile.json;project/sourcemapMixedSubfolderSpecifyOutputFileAndOutputDirectory.json;project/sourcerootUrlMixedSubfolderNoOutdir.json;project/sourcerootUrlMixedSubfolderSpecifyOutputDirectory.json;project/sourcerootUrlMixedSubfolderSpecifyOutputFile.json;project/sourcerootUrlMixedSubfolderSpecifyOutputFileAndOutputDirectory.json	"runner=project/mapRootAbsolutePathMixedSubfolderNoOutdir.json:{""scenario"":""[Sourcemap]/[Maproot-AbsolutePath]: outputdir_mixed_subfolder: no outdir"",""inputFiles"":[""test.ts""],""declaration"":true,""mapRoot"":""tests/cases/projects/outputdir_mixed_subfolder/mapFiles"",""resolveMapRoot"":true,""sourceMap"":true} || project/mapRootAbsolutePathMixedSubfolderSpecifyOutputDirectory.json:{""scenario"":""[Sourcemap]/[Maproot-AbsolutePath]: outputdir_mixed_subfolder: specify outputDirectory"",""inputFiles"":[""test.ts""],""declaration"":true,""mapRoot"":""tests/cases/projects/outputdir_mixed_subfolder/mapFiles"",""outDir"":""outdir/simple"",""resolveMapRoot"":true,""sourceMap"":true} || project/mapRootAbsolutePathMixedSubfolderSpecifyOutputFile.json:{""scenario"":""[Sourcemap]/[Maproot-AbsolutePath]: outputdir_mixed_subfolder: no outdir"",""inputFiles"":[""test.ts""],""declaration"":true,""mapRoot"":""tests/cases/projects/outputdir_mixed_subfolder/mapFiles"",""outFile"":""bin/test.js"",""resolveMapRoot"":true,""sourceMap"":true} || project/mapRootAbsolutePathMixedSubfolderSpecifyOutputFileAndOutputDirectory.json:{""scenario"":""[Sourcemap]/[Maproot-AbsolutePath]:outputdir_mixed_subfolder: specify outputFile and outputDirectory"",""inputFiles"":[""test.ts""],""declaration"":true,""mapRoot"":""tests/cases/projects/outputdir_mixed_subfolder/mapFiles"",""outDir"":""outdir/outAndOutDirFolder"",""outFile"":""bin/outAndOutDirFile.js"",""resolveMapRoot"":true,""sourceMap"":true} || project/mapRootRelativePathMixedSubfolderNoOutdir.json:{""scenario"":""[Sourcemap]/[Maproot-RelativePath]: outputdir_mixed_subfolder: no outdir"",""inputFiles"":[""test.ts""],""declaration"":true,""mapRoot"":""../mapFiles"",""sourceMap"":true} || project/mapRootRelativePathMixedSubfolderSpecifyOutputDirectory.json:{""scenario"":""[Sourcemap]/[Maproot-RelativePath]: outputdir_mixed_subfolder: specify outputDirectory"",""inputFiles"":[""test.ts""],""declaration"":true,""mapRoot"":""../mapFiles"",""outDir"":""outdir/simple"",""sourceMap"":true} || project/mapRootRelativePathMixedSubfolderSpecifyOutputFile.json:{""scenario"":""[Sourcemap]/[Maproot-RelativePath]: outputdir_mixed_subfolder: no outdir"",""inputFiles"":[""test.ts""],""declaration"":true,""mapRoot"":""../mapFiles"",""outFile"":""bin/test.js"",""sourceMap"":true} || project/mapRootRelativePathMixedSubfolderSpecifyOutputFileAndOutputDirectory.json:{""scenario"":""[Sourcemap]/[Maproot-RelativePath]:outputdir_mixed_subfolder: specify outputFile and outputDirectory"",""inputFiles"":[""test.ts""],""declaration"":true,""mapRoot"":""../mapFiles"",""outDir"":""outdir/outAndOutDirFolder"",""outFile"":""bin/outAndOutDirFile.js"",""sourceMap"":true} || project/maprootUrlMixedSubfolderNoOutdir.json:{""scenario"":""[Sourcemap]/[Maproot-Url]: outputdir_mixed_subfolder: no outdir"",""inputFiles"":[""test.ts""],""declaration"":true,""mapRoot"":""http://www.typescriptlang.org/"",""sourceMap"":true} || project/maprootUrlMixedSubfolderSpecifyOutputDirectory.json:{""scenario"":""[Sourcemap]/[Maproot-Url]: outputdir_mixed_subfolder: specify outputDirectory"",""inputFiles"":[""test.ts""],""declaration"":true,""mapRoot"":""http://www.typescriptlang.org/"",""outDir"":""outdir/simple"",""sourceMap"":true} || project/maprootUrlMixedSubfolderSpecifyOutputFile.json:{""scenario"":""[Sourcemap]/[Maproot-Url]: outputdir_mixed_subfolder: no outdir"",""inputFiles"":[""test.ts""],""declaration"":true,""mapRoot"":""http://www.typescriptlang.org/"",""outFile"":""bin/test.js"",""sourceMap"":true} || project/maprootUrlMixedSubfolderSpecifyOutputFileAndOutputDirectory.json:{""scenario"":""[Sourcemap]/[Maproot-Url]:outputdir_mixed_subfolder: specify outputFile and outputDirectory"",""inputFiles"":[""test.ts""],""declaration"":true,""mapRoot"":""http://www.typescriptlang.org/"",""outDir"":""outdir/outAndOutDirFolder"",""outFile"":""bin/outAndOutDirFile.js"",""sourceMap"":true} || project/maprootUrlsourcerootUrlMixedSubfolderNoOutdir.json:{""scenario"":""[Sourcemap]/[Maproot-Url]/[Sourceroot-Url]: outputdir_mixed_subfolder: no outdir"",""inputFiles"":[""test.ts""],""declaration"":true,""mapRoot"":""http://www.typescriptlang.org/"",""sourceMap"":true,""sourceRoot"":""http://typescript.codeplex.com/""} || project/maprootUrlsourcerootUrlMixedSubfolderSpecifyOutputDirectory.json:{""scenario"":""[Sourcemap]/[Maproot-Url]/[Sourceroot-Url]: outputdir_mixed_subfolder: specify outputDirectory"",""inputFiles"":[""test.ts""],""declaration"":true,""mapRoot"":""http://www.typescriptlang.org/"",""outDir"":""outdir/simple"",""sourceMap"":true,""sourceRoot"":""http://typescript.codeplex.com/""} || project/maprootUrlsourcerootUrlMixedSubfolderSpecifyOutputFile.json:{""scenario"":""[Sourcemap]/[Maproot-Url]/[Sourceroot-Url]: outputdir_mixed_subfolder: no outdir"",""inputFiles"":[""test.ts""],""declaration"":true,""mapRoot"":""http://www.typescriptlang.org/"",""outFile"":""bin/test.js"",""sourceMap"":true,""sourceRoot"":""http://typescript.codeplex.com/""} || project/maprootUrlsourcerootUrlMixedSubfolderSpecifyOutputFileAndOutputDirectory.json:{""scenario"":""[Sourcemap]/[Maproot-Url]/[Sourceroot-Url]:outputdir_mixed_subfolder: specify outputFile and outputDirectory"",""inputFiles"":[""test.ts""],""declaration"":true,""mapRoot"":""http://www.typescriptlang.org/"",""outDir"":""outdir/outAndOutDirFolder"",""outFile"":""bin/outAndOutDirFile.js"",""sourceMap"":true,""sourceRoot"":""http://typescript.codeplex.com/""} || project/outMixedSubfolderNoOutdir.json:{""scenario"":""outputdir_mixed_subfolder: no outdir"",""inputFiles"":[""test.ts""],""declaration"":true} || project/outMixedSubfolderSpecifyOutputDirectory.json:{""scenario"":""outputdir_mixed_subfolder: specify outputDirectory"",""inputFiles"":[""test.ts""],""declaration"":true,""outDir"":""outdir/simple""} || project/outMixedSubfolderSpecifyOutputFile.json:{""scenario"":""outputdir_mixed_subfolder: specify outputFile"",""inputFiles"":[""test.ts""],""declaration"":true,""outFile"":""bin/test.js""} || project/outMixedSubfolderSpecifyOutputFileAndOutputDirectory.json:{""scenario"":""outputdir_mixed_subfolder: specify outputFile and outputDirectory"",""inputFiles"":[""test.ts""],""declaration"":true,""outDir"":""outdir/outAndOutDirFolder"",""outFile"":""bin/outAndOutDirFile.js""} || project/sourceRootAbsolutePathMixedSubfolderNoOutdir.json:{""scenario"":""[Sourcemap]/[Sourceroot-AbsolutePath]: outputdir_mixed_subfolder: no outdir"",""inputFiles"":[""test.ts""],""declaration"":true,""resolveSourceRoot"":true,""sourceMap"":true,""sourceRoot"":""tests/cases/projects/outputdir_mixed_subfolder/src""} || project/sourceRootAbsolutePathMixedSubfolderSpecifyOutputDirectory.json:{""scenario"":""[Sourcemap]/[Sourceroot-AbsolutePath]: outputdir_mixed_subfolder: specify outputDirectory"",""inputFiles"":[""test.ts""],""declaration"":true,""outDir"":""outdir/simple"",""resolveSourceRoot"":true,""sourceMap"":true,""sourceRoot"":""tests/cases/projects/outputdir_mixed_subfolder/src""} || project/sourceRootAbsolutePathMixedSubfolderSpecifyOutputFile.json:{""scenario"":""[Sourcemap]/[Sourceroot-AbsolutePath]: outputdir_mixed_subfolder: no outdir"",""inputFiles"":[""test.ts""],""declaration"":true,""outFile"":""bin/test.js"",""resolveSourceRoot"":true,""sourceMap"":true,""sourceRoot"":""tests/cases/projects/outputdir_mixed_subfolder/src""} || project/sourceRootAbsolutePathMixedSubfolderSpecifyOutputFileAndOutputDirectory.json:{""scenario"":""[Sourcemap]/[Sourceroot-AbsolutePath]:outputdir_mixed_subfolder: specify outputFile and outputDirectory"",""inputFiles"":[""test.ts""],""declaration"":true,""outDir"":""outdir/outAndOutDirFolder"",""outFile"":""bin/outAndOutDirFile.js"",""resolveSourceRoot"":true,""sourceMap"":true,""sourceRoot"":""tests/cases/projects/outputdir_mixed_subfolder/src""} || project/sourceRootRelativePathMixedSubfolderNoOutdir.json:{""scenario"":""[Sourcemap]/[Sourceroot-RelativePath]: outputdir_mixed_subfolder: no outdir"",""inputFiles"":[""test.ts""],""declaration"":true,""sourceMap"":true,""sourceRoot"":""../src""} || project/sourceRootRelativePathMixedSubfolderSpecifyOutputDirectory.json:{""scenario"":""[Sourcemap]/[Sourceroot-RelativePath]: outputdir_mixed_subfolder: specify outputDirectory"",""inputFiles"":[""test.ts""],""declaration"":true,""outDir"":""outdir/simple"",""sourceMap"":true,""sourceRoot"":""../src""} || project/sourceRootRelativePathMixedSubfolderSpecifyOutputFile.json:{""scenario"":""[Sourcemap]/[Sourceroot-RelativePath]: outputdir_mixed_subfolder: no outdir"",""inputFiles"":[""test.ts""],""declaration"":true,""outFile"":""bin/test.js"",""sourceMap"":true,""sourceRoot"":""../src""} || project/sourceRootRelativePathMixedSubfolderSpecifyOutputFileAndOutputDirectory.json:{""scenario"":""[Sourcemap]/[Sourceroot-RelativePath]:outputdir_mixed_subfolder: specify outputFile and outputDirectory"",""inputFiles"":[""test.ts""],""declaration"":true,""outDir"":""outdir/outAndOutDirFolder"",""outFile"":""bin/outAndOutDirFile.js"",""sourceMap"":true,""sourceRoot"":""../src""} || project/sourcemapMixedSubfolderNoOutdir.json:{""scenario"":""[Sourcemap]: outputdir_mixed_subfolder: no outdir"",""inputFiles"":[""test.ts""],""declaration"":true,""sourceMap"":true} || project/sourcemapMixedSubfolderSpecifyOutputDirectory.json:{""scenario"":""[Sourcemap]: outputdir_mixed_subfolder: specify outputDirectory"",""inputFiles"":[""test.ts""],""declaration"":true,""outDir"":""outdir/simple"",""sourceMap"":true} || project/sourcemapMixedSubfolderSpecifyOutputFile.json:{""scenario"":""[Sourcemap]: outputdir_mixed_subfolder: no outdir"",""inputFiles"":[""test.ts""],""declaration"":true,""outFile"":""bin/test.js"",""sourceMap"":true} || project/sourcemapMixedSubfolderSpecifyOutputFileAndOutputDirectory.json:{""scenario"":""[Sourcemap] outputdir_mixed_subfolder: specify outputFile and outputDirectory"",""inputFiles"":[""test.ts""],""declaration"":true,""outDir"":""outdir/outAndOutDirFolder"",""outFile"":""bin/outAndOutDirFile.js"",""sourceMap"":true} || project/sourcerootUrlMixedSubfolderNoOutdir.json:{""scenario"":""[Sourcemap]/[Sourceroot-Url]: outputdir_mixed_subfolder: no outdir"",""inputFiles"":[""test.ts""],""declaration"":true,""sourceMap"":true,""sourceRoot"":""http://typescript.codeplex.com/""} || project/sourcerootUrlMixedSubfolderSpecifyOutputDirectory.json:{""scenario"":""[Sourcemap]/[Sourceroot-Url]: outputdir_mixed_subfolder: specify outputDirectory"",""inputFiles"":[""test.ts""],""declaration"":true,""outDir"":""outdir/simple"",""sourceMap"":true,""sourceRoot"":""http://typescript.codeplex.com/""} || project/sourcerootUrlMixedSubfolderSpecifyOutputFile.json:{""scenario"":""[Sourcemap]/[Sourceroot-Url]: outputdir_mixed_subfolder: no outdir"",""inputFiles"":[""test.ts""],""declaration"":true,""outFile"":""bin/test.js"",""sourceMap"":true,""sourceRoot"":""http://typescript.codeplex.com/""} || project/sourcerootUrlMixedSubfolderSpecifyOutputFileAndOutputDirectory.json:{""scenario"":""[Sourcemap]/[Sourceroot-Url]:outputdir_mixed_subfolder: specify outputFile and outputDirectory"",""inputFiles"":[""test.ts""],""declaration"":true,""outDir"":""outdir/outAndOutDirFolder"",""outFile"":""bin/outAndOutDirFile.js"",""sourceMap"":true,""sourceRoot"":""http://typescript.codeplex.com/""} || checked_in_tsconfig=none"	fixture under a runner project root; exact input selection/options are listed per case	Oracle gap: pinned TS-Go sparse checkout has no project-suite reference baseline for this fixture; runner JSON supplies scenario/options only, and this case has not been independently executed through TS-Go CLI.		mapped to upstream runner case(s); pending focused Rust behavior test and direct oracle check
projects	projects/outputdir_mixed_subfolder/test.ts	[Sourcemap]/[Maproot-AbsolutePath]: outputdir_mixed_subfolder: no outdir | [Sourcemap]/[Maproot-AbsolutePath]: outputdir_mixed_subfolder: specify outputDirectory | [Sourcemap]/[Maproot-AbsolutePath]:outputdir_mixed_subfolder: specify outputFile and outputDirectory | [Sourcemap]/[Maproot-RelativePath]: outputdir_mixed_subfolder: no outdir | [Sourcemap]/[Maproot-RelativePath]: outputdir_mixed_subfolder: specify outputDirectory | [Sourcemap]/[Maproot-RelativePath]:outputdir_mixed_subfolder: specify outputFile and outputDirectory | [Sourcemap]/[Maproot-Url]: outputdir_mixed_subfolder: no outdir | [Sourcemap]/[Maproot-Url]: outputdir_mixed_subfolder: specify outputDirectory | [Sourcemap]/[Maproot-Url]:outputdir_mixed_subfolder: specify outputFile and outputDirectory | [Sourcemap]/[Maproot-Url]/[Sourceroot-Url]: outputdir_mixed_subfolder: no outdir | [Sourcemap]/[Maproot-Url]/[Sourceroot-Url]: outputdir_mixed_subfolder: specify outputDirectory | [Sourcemap]/[Maproot-Url]/[Sourceroot-Url]:outputdir_mixed_subfolder: specify outputFile and outputDirectory | outputdir_mixed_subfolder: no outdir | outputdir_mixed_subfolder: specify outputDirectory | outputdir_mixed_subfolder: specify outputFile | outputdir_mixed_subfolder: specify outputFile and outputDirectory | [Sourcemap]/[Sourceroot-AbsolutePath]: outputdir_mixed_subfolder: no outdir | [Sourcemap]/[Sourceroot-AbsolutePath]: outputdir_mixed_subfolder: specify outputDirectory | [Sourcemap]/[Sourceroot-AbsolutePath]:outputdir_mixed_subfolder: specify outputFile and outputDirectory | [Sourcemap]/[Sourceroot-RelativePath]: outputdir_mixed_subfolder: no outdir | [Sourcemap]/[Sourceroot-RelativePath]: outputdir_mixed_subfolder: specify outputDirectory | [Sourcemap]/[Sourceroot-RelativePath]:outputdir_mixed_subfolder: specify outputFile and outputDirectory | [Sourcemap]: outputdir_mixed_subfolder: no outdir | [Sourcemap]: outputdir_mixed_subfolder: specify outputDirectory | [Sourcemap] outputdir_mixed_subfolder: specify outputFile and outputDirectory | [Sourcemap]/[Sourceroot-Url]: outputdir_mixed_subfolder: no outdir | [Sourcemap]/[Sourceroot-Url]: outputdir_mixed_subfolder: specify outputDirectory | [Sourcemap]/[Sourceroot-Url]:outputdir_mixed_subfolder: specify outputFile and outputDirectory	project/mapRootAbsolutePathMixedSubfolderNoOutdir.json;project/mapRootAbsolutePathMixedSubfolderSpecifyOutputDirectory.json;project/mapRootAbsolutePathMixedSubfolderSpecifyOutputFile.json;project/mapRootAbsolutePathMixedSubfolderSpecifyOutputFileAndOutputDirectory.json;project/mapRootRelativePathMixedSubfolderNoOutdir.json;project/mapRootRelativePathMixedSubfolderSpecifyOutputDirectory.json;project/mapRootRelativePathMixedSubfolderSpecifyOutputFile.json;project/mapRootRelativePathMixedSubfolderSpecifyOutputFileAndOutputDirectory.json;project/maprootUrlMixedSubfolderNoOutdir.json;project/maprootUrlMixedSubfolderSpecifyOutputDirectory.json;project/maprootUrlMixedSubfolderSpecifyOutputFile.json;project/maprootUrlMixedSubfolderSpecifyOutputFileAndOutputDirectory.json;project/maprootUrlsourcerootUrlMixedSubfolderNoOutdir.json;project/maprootUrlsourcerootUrlMixedSubfolderSpecifyOutputDirectory.json;project/maprootUrlsourcerootUrlMixedSubfolderSpecifyOutputFile.json;project/maprootUrlsourcerootUrlMixedSubfolderSpecifyOutputFileAndOutputDirectory.json;project/outMixedSubfolderNoOutdir.json;project/outMixedSubfolderSpecifyOutputDirectory.json;project/outMixedSubfolderSpecifyOutputFile.json;project/outMixedSubfolderSpecifyOutputFileAndOutputDirectory.json;project/sourceRootAbsolutePathMixedSubfolderNoOutdir.json;project/sourceRootAbsolutePathMixedSubfolderSpecifyOutputDirectory.json;project/sourceRootAbsolutePathMixedSubfolderSpecifyOutputFile.json;project/sourceRootAbsolutePathMixedSubfolderSpecifyOutputFileAndOutputDirectory.json;project/sourceRootRelativePathMixedSubfolderNoOutdir.json;project/sourceRootRelativePathMixedSubfolderSpecifyOutputDirectory.json;project/sourceRootRelativePathMixedSubfolderSpecifyOutputFile.json;project/sourceRootRelativePathMixedSubfolderSpecifyOutputFileAndOutputDirectory.json;project/sourcemapMixedSubfolderNoOutdir.json;project/sourcemapMixedSubfolderSpecifyOutputDirectory.json;project/sourcemapMixedSubfolderSpecifyOutputFile.json;project/sourcemapMixedSubfolderSpecifyOutputFileAndOutputDirectory.json;project/sourcerootUrlMixedSubfolderNoOutdir.json;project/sourcerootUrlMixedSubfolderSpecifyOutputDirectory.json;project/sourcerootUrlMixedSubfolderSpecifyOutputFile.json;project/sourcerootUrlMixedSubfolderSpecifyOutputFileAndOutputDirectory.json	"runner=project/mapRootAbsolutePathMixedSubfolderNoOutdir.json:{""scenario"":""[Sourcemap]/[Maproot-AbsolutePath]: outputdir_mixed_subfolder: no outdir"",""inputFiles"":[""test.ts""],""declaration"":true,""mapRoot"":""tests/cases/projects/outputdir_mixed_subfolder/mapFiles"",""resolveMapRoot"":true,""sourceMap"":true} || project/mapRootAbsolutePathMixedSubfolderSpecifyOutputDirectory.json:{""scenario"":""[Sourcemap]/[Maproot-AbsolutePath]: outputdir_mixed_subfolder: specify outputDirectory"",""inputFiles"":[""test.ts""],""declaration"":true,""mapRoot"":""tests/cases/projects/outputdir_mixed_subfolder/mapFiles"",""outDir"":""outdir/simple"",""resolveMapRoot"":true,""sourceMap"":true} || project/mapRootAbsolutePathMixedSubfolderSpecifyOutputFile.json:{""scenario"":""[Sourcemap]/[Maproot-AbsolutePath]: outputdir_mixed_subfolder: no outdir"",""inputFiles"":[""test.ts""],""declaration"":true,""mapRoot"":""tests/cases/projects/outputdir_mixed_subfolder/mapFiles"",""outFile"":""bin/test.js"",""resolveMapRoot"":true,""sourceMap"":true} || project/mapRootAbsolutePathMixedSubfolderSpecifyOutputFileAndOutputDirectory.json:{""scenario"":""[Sourcemap]/[Maproot-AbsolutePath]:outputdir_mixed_subfolder: specify outputFile and outputDirectory"",""inputFiles"":[""test.ts""],""declaration"":true,""mapRoot"":""tests/cases/projects/outputdir_mixed_subfolder/mapFiles"",""outDir"":""outdir/outAndOutDirFolder"",""outFile"":""bin/outAndOutDirFile.js"",""resolveMapRoot"":true,""sourceMap"":true} || project/mapRootRelativePathMixedSubfolderNoOutdir.json:{""scenario"":""[Sourcemap]/[Maproot-RelativePath]: outputdir_mixed_subfolder: no outdir"",""inputFiles"":[""test.ts""],""declaration"":true,""mapRoot"":""../mapFiles"",""sourceMap"":true} || project/mapRootRelativePathMixedSubfolderSpecifyOutputDirectory.json:{""scenario"":""[Sourcemap]/[Maproot-RelativePath]: outputdir_mixed_subfolder: specify outputDirectory"",""inputFiles"":[""test.ts""],""declaration"":true,""mapRoot"":""../mapFiles"",""outDir"":""outdir/simple"",""sourceMap"":true} || project/mapRootRelativePathMixedSubfolderSpecifyOutputFile.json:{""scenario"":""[Sourcemap]/[Maproot-RelativePath]: outputdir_mixed_subfolder: no outdir"",""inputFiles"":[""test.ts""],""declaration"":true,""mapRoot"":""../mapFiles"",""outFile"":""bin/test.js"",""sourceMap"":true} || project/mapRootRelativePathMixedSubfolderSpecifyOutputFileAndOutputDirectory.json:{""scenario"":""[Sourcemap]/[Maproot-RelativePath]:outputdir_mixed_subfolder: specify outputFile and outputDirectory"",""inputFiles"":[""test.ts""],""declaration"":true,""mapRoot"":""../mapFiles"",""outDir"":""outdir/outAndOutDirFolder"",""outFile"":""bin/outAndOutDirFile.js"",""sourceMap"":true} || project/maprootUrlMixedSubfolderNoOutdir.json:{""scenario"":""[Sourcemap]/[Maproot-Url]: outputdir_mixed_subfolder: no outdir"",""inputFiles"":[""test.ts""],""declaration"":true,""mapRoot"":""http://www.typescriptlang.org/"",""sourceMap"":true} || project/maprootUrlMixedSubfolderSpecifyOutputDirectory.json:{""scenario"":""[Sourcemap]/[Maproot-Url]: outputdir_mixed_subfolder: specify outputDirectory"",""inputFiles"":[""test.ts""],""declaration"":true,""mapRoot"":""http://www.typescriptlang.org/"",""outDir"":""outdir/simple"",""sourceMap"":true} || project/maprootUrlMixedSubfolderSpecifyOutputFile.json:{""scenario"":""[Sourcemap]/[Maproot-Url]: outputdir_mixed_subfolder: no outdir"",""inputFiles"":[""test.ts""],""declaration"":true,""mapRoot"":""http://www.typescriptlang.org/"",""outFile"":""bin/test.js"",""sourceMap"":true} || project/maprootUrlMixedSubfolderSpecifyOutputFileAndOutputDirectory.json:{""scenario"":""[Sourcemap]/[Maproot-Url]:outputdir_mixed_subfolder: specify outputFile and outputDirectory"",""inputFiles"":[""test.ts""],""declaration"":true,""mapRoot"":""http://www.typescriptlang.org/"",""outDir"":""outdir/outAndOutDirFolder"",""outFile"":""bin/outAndOutDirFile.js"",""sourceMap"":true} || project/maprootUrlsourcerootUrlMixedSubfolderNoOutdir.json:{""scenario"":""[Sourcemap]/[Maproot-Url]/[Sourceroot-Url]: outputdir_mixed_subfolder: no outdir"",""inputFiles"":[""test.ts""],""declaration"":true,""mapRoot"":""http://www.typescriptlang.org/"",""sourceMap"":true,""sourceRoot"":""http://typescript.codeplex.com/""} || project/maprootUrlsourcerootUrlMixedSubfolderSpecifyOutputDirectory.json:{""scenario"":""[Sourcemap]/[Maproot-Url]/[Sourceroot-Url]: outputdir_mixed_subfolder: specify outputDirectory"",""inputFiles"":[""test.ts""],""declaration"":true,""mapRoot"":""http://www.typescriptlang.org/"",""outDir"":""outdir/simple"",""sourceMap"":true,""sourceRoot"":""http://typescript.codeplex.com/""} || project/maprootUrlsourcerootUrlMixedSubfolderSpecifyOutputFile.json:{""scenario"":""[Sourcemap]/[Maproot-Url]/[Sourceroot-Url]: outputdir_mixed_subfolder: no outdir"",""inputFiles"":[""test.ts""],""declaration"":true,""mapRoot"":""http://www.typescriptlang.org/"",""outFile"":""bin/test.js"",""sourceMap"":true,""sourceRoot"":""http://typescript.codeplex.com/""} || project/maprootUrlsourcerootUrlMixedSubfolderSpecifyOutputFileAndOutputDirectory.json:{""scenario"":""[Sourcemap]/[Maproot-Url]/[Sourceroot-Url]:outputdir_mixed_subfolder: specify outputFile and outputDirectory"",""inputFiles"":[""test.ts""],""declaration"":true,""mapRoot"":""http://www.typescriptlang.org/"",""outDir"":""outdir/outAndOutDirFolder"",""outFile"":""bin/outAndOutDirFile.js"",""sourceMap"":true,""sourceRoot"":""http://typescript.codeplex.com/""} || project/outMixedSubfolderNoOutdir.json:{""scenario"":""outputdir_mixed_subfolder: no outdir"",""inputFiles"":[""test.ts""],""declaration"":true} || project/outMixedSubfolderSpecifyOutputDirectory.json:{""scenario"":""outputdir_mixed_subfolder: specify outputDirectory"",""inputFiles"":[""test.ts""],""declaration"":true,""outDir"":""outdir/simple""} || project/outMixedSubfolderSpecifyOutputFile.json:{""scenario"":""outputdir_mixed_subfolder: specify outputFile"",""inputFiles"":[""test.ts""],""declaration"":true,""outFile"":""bin/test.js""} || project/outMixedSubfolderSpecifyOutputFileAndOutputDirectory.json:{""scenario"":""outputdir_mixed_subfolder: specify outputFile and outputDirectory"",""inputFiles"":[""test.ts""],""declaration"":true,""outDir"":""outdir/outAndOutDirFolder"",""outFile"":""bin/outAndOutDirFile.js""} || project/sourceRootAbsolutePathMixedSubfolderNoOutdir.json:{""scenario"":""[Sourcemap]/[Sourceroot-AbsolutePath]: outputdir_mixed_subfolder: no outdir"",""inputFiles"":[""test.ts""],""declaration"":true,""resolveSourceRoot"":true,""sourceMap"":true,""sourceRoot"":""tests/cases/projects/outputdir_mixed_subfolder/src""} || project/sourceRootAbsolutePathMixedSubfolderSpecifyOutputDirectory.json:{""scenario"":""[Sourcemap]/[Sourceroot-AbsolutePath]: outputdir_mixed_subfolder: specify outputDirectory"",""inputFiles"":[""test.ts""],""declaration"":true,""outDir"":""outdir/simple"",""resolveSourceRoot"":true,""sourceMap"":true,""sourceRoot"":""tests/cases/projects/outputdir_mixed_subfolder/src""} || project/sourceRootAbsolutePathMixedSubfolderSpecifyOutputFile.json:{""scenario"":""[Sourcemap]/[Sourceroot-AbsolutePath]: outputdir_mixed_subfolder: no outdir"",""inputFiles"":[""test.ts""],""declaration"":true,""outFile"":""bin/test.js"",""resolveSourceRoot"":true,""sourceMap"":true,""sourceRoot"":""tests/cases/projects/outputdir_mixed_subfolder/src""} || project/sourceRootAbsolutePathMixedSubfolderSpecifyOutputFileAndOutputDirectory.json:{""scenario"":""[Sourcemap]/[Sourceroot-AbsolutePath]:outputdir_mixed_subfolder: specify outputFile and outputDirectory"",""inputFiles"":[""test.ts""],""declaration"":true,""outDir"":""outdir/outAndOutDirFolder"",""outFile"":""bin/outAndOutDirFile.js"",""resolveSourceRoot"":true,""sourceMap"":true,""sourceRoot"":""tests/cases/projects/outputdir_mixed_subfolder/src""} || project/sourceRootRelativePathMixedSubfolderNoOutdir.json:{""scenario"":""[Sourcemap]/[Sourceroot-RelativePath]: outputdir_mixed_subfolder: no outdir"",""inputFiles"":[""test.ts""],""declaration"":true,""sourceMap"":true,""sourceRoot"":""../src""} || project/sourceRootRelativePathMixedSubfolderSpecifyOutputDirectory.json:{""scenario"":""[Sourcemap]/[Sourceroot-RelativePath]: outputdir_mixed_subfolder: specify outputDirectory"",""inputFiles"":[""test.ts""],""declaration"":true,""outDir"":""outdir/simple"",""sourceMap"":true,""sourceRoot"":""../src""} || project/sourceRootRelativePathMixedSubfolderSpecifyOutputFile.json:{""scenario"":""[Sourcemap]/[Sourceroot-RelativePath]: outputdir_mixed_subfolder: no outdir"",""inputFiles"":[""test.ts""],""declaration"":true,""outFile"":""bin/test.js"",""sourceMap"":true,""sourceRoot"":""../src""} || project/sourceRootRelativePathMixedSubfolderSpecifyOutputFileAndOutputDirectory.json:{""scenario"":""[Sourcemap]/[Sourceroot-RelativePath]:outputdir_mixed_subfolder: specify outputFile and outputDirectory"",""inputFiles"":[""test.ts""],""declaration"":true,""outDir"":""outdir/outAndOutDirFolder"",""outFile"":""bin/outAndOutDirFile.js"",""sourceMap"":true,""sourceRoot"":""../src""} || project/sourcemapMixedSubfolderNoOutdir.json:{""scenario"":""[Sourcemap]: outputdir_mixed_subfolder: no outdir"",""inputFiles"":[""test.ts""],""declaration"":true,""sourceMap"":true} || project/sourcemapMixedSubfolderSpecifyOutputDirectory.json:{""scenario"":""[Sourcemap]: outputdir_mixed_subfolder: specify outputDirectory"",""inputFiles"":[""test.ts""],""declaration"":true,""outDir"":""outdir/simple"",""sourceMap"":true} || project/sourcemapMixedSubfolderSpecifyOutputFile.json:{""scenario"":""[Sourcemap]: outputdir_mixed_subfolder: no outdir"",""inputFiles"":[""test.ts""],""declaration"":true,""outFile"":""bin/test.js"",""sourceMap"":true} || project/sourcemapMixedSubfolderSpecifyOutputFileAndOutputDirectory.json:{""scenario"":""[Sourcemap] outputdir_mixed_subfolder: specify outputFile and outputDirectory"",""inputFiles"":[""test.ts""],""declaration"":true,""outDir"":""outdir/outAndOutDirFolder"",""outFile"":""bin/outAndOutDirFile.js"",""sourceMap"":true} || project/sourcerootUrlMixedSubfolderNoOutdir.json:{""scenario"":""[Sourcemap]/[Sourceroot-Url]: outputdir_mixed_subfolder: no outdir"",""inputFiles"":[""test.ts""],""declaration"":true,""sourceMap"":true,""sourceRoot"":""http://typescript.codeplex.com/""} || project/sourcerootUrlMixedSubfolderSpecifyOutputDirectory.json:{""scenario"":""[Sourcemap]/[Sourceroot-Url]: outputdir_mixed_subfolder: specify outputDirectory"",""inputFiles"":[""test.ts""],""declaration"":true,""outDir"":""outdir/simple"",""sourceMap"":true,""sourceRoot"":""http://typescript.codeplex.com/""} || project/sourcerootUrlMixedSubfolderSpecifyOutputFile.json:{""scenario"":""[Sourcemap]/[Sourceroot-Url]: outputdir_mixed_subfolder: no outdir"",""inputFiles"":[""test.ts""],""declaration"":true,""outFile"":""bin/test.js"",""sourceMap"":true,""sourceRoot"":""http://typescript.codeplex.com/""} || project/sourcerootUrlMixedSubfolderSpecifyOutputFileAndOutputDirectory.json:{""scenario"":""[Sourcemap]/[Sourceroot-Url]:outputdir_mixed_subfolder: specify outputFile and outputDirectory"",""inputFiles"":[""test.ts""],""declaration"":true,""outDir"":""outdir/outAndOutDirFolder"",""outFile"":""bin/outAndOutDirFile.js"",""sourceMap"":true,""sourceRoot"":""http://typescript.codeplex.com/""} || checked_in_tsconfig=none"	explicit runner input or project input	Oracle gap: pinned TS-Go sparse checkout has no project-suite reference baseline for this fixture; runner JSON supplies scenario/options only, and this case has not been independently executed through TS-Go CLI.		mapped to upstream runner case(s); pending focused Rust behavior test and direct oracle check
projects	projects/outputdir_module_multifolder/ref/m1.ts	[Sourcemap]/[Maproot-AbsolutePath]: outputdir_module_multifolder: no outdir | [Sourcemap]/[Maproot-AbsolutePath]: outputdir_module_multifolder: specify outputDirectory | [Sourcemap]/[Maproot-RelativePath]: outputdir_module_multifolder: no outdir | [Sourcemap]/[Maproot-RelativePath]: outputdir_module_multifolder: specify outputDirectory | [Sourcemap]/[Maproot-Url]: outputdir_module_multifolder: no outdir | [Sourcemap]/[Maproot-Url]: outputdir_module_multifolder: specify outputDirectory | [Sourcemap]/[Maproot-Url]/[Sourceroot-Url]: outputdir_module_multifolder: no outdir | [Sourcemap]/[Maproot-Url]/[Sourceroot-Url]: outputdir_module_multifolder: specify outputDirectory | outputdir_module_multifolder: no outdir | outputdir_module_multifolder: specify outputDirectory | outputdir_module_multifolder: specify outputFile | [Sourcemap]/[Sourceroot-AbsolutePath]: outputdir_module_multifolder: no outdir | [Sourcemap]/[Sourceroot-AbsolutePath]: outputdir_module_multifolder: specify outputDirectory | [Sourcemap]/[Sourceroot-RelativePath]: outputdir_module_multifolder: no outdir | [Sourcemap]/[Sourceroot-RelativePath]: outputdir_module_multifolder: specify outputDirectory | [Sourcemap]: outputdir_module_multifolder: no outdir | [Sourcemap]: outputdir_module_multifolder: specify outputDirectory | [Sourcemap]/[Sourceroot-Url]: outputdir_module_multifolder: no outdir | [Sourcemap]/[Sourceroot-Url]: outputdir_module_multifolder: specify outputDirectory	project/mapRootAbsolutePathModuleMultifolderNoOutdir.json;project/mapRootAbsolutePathModuleMultifolderSpecifyOutputDirectory.json;project/mapRootAbsolutePathModuleMultifolderSpecifyOutputFile.json;project/mapRootRelativePathModuleMultifolderNoOutdir.json;project/mapRootRelativePathModuleMultifolderSpecifyOutputDirectory.json;project/mapRootRelativePathModuleMultifolderSpecifyOutputFile.json;project/maprootUrlModuleMultifolderNoOutdir.json;project/maprootUrlModuleMultifolderSpecifyOutputDirectory.json;project/maprootUrlModuleMultifolderSpecifyOutputFile.json;project/maprootUrlsourcerootUrlModuleMultifolderNoOutdir.json;project/maprootUrlsourcerootUrlModuleMultifolderSpecifyOutputDirectory.json;project/maprootUrlsourcerootUrlModuleMultifolderSpecifyOutputFile.json;project/outModuleMultifolderNoOutdir.json;project/outModuleMultifolderSpecifyOutputDirectory.json;project/outModuleMultifolderSpecifyOutputFile.json;project/sourceRootAbsolutePathModuleMultifolderNoOutdir.json;project/sourceRootAbsolutePathModuleMultifolderSpecifyOutputDirectory.json;project/sourceRootAbsolutePathModuleMultifolderSpecifyOutputFile.json;project/sourceRootRelativePathModuleMultifolderNoOutdir.json;project/sourceRootRelativePathModuleMultifolderSpecifyOutputDirectory.json;project/sourceRootRelativePathModuleMultifolderSpecifyOutputFile.json;project/sourcemapModuleMultifolderNoOutdir.json;project/sourcemapModuleMultifolderSpecifyOutputDirectory.json;project/sourcemapModuleMultifolderSpecifyOutputFile.json;project/sourcerootUrlModuleMultifolderNoOutdir.json;project/sourcerootUrlModuleMultifolderSpecifyOutputDirectory.json;project/sourcerootUrlModuleMultifolderSpecifyOutputFile.json	"runner=project/mapRootAbsolutePathModuleMultifolderNoOutdir.json:{""scenario"":""[Sourcemap]/[Maproot-AbsolutePath]: outputdir_module_multifolder: no outdir"",""inputFiles"":[""test.ts""],""declaration"":true,""mapRoot"":""tests/cases/projects/outputdir_module_multifolder/mapFiles"",""resolveMapRoot"":true,""sourceMap"":true,""strict"":false} || project/mapRootAbsolutePathModuleMultifolderSpecifyOutputDirectory.json:{""scenario"":""[Sourcemap]/[Maproot-AbsolutePath]: outputdir_module_multifolder: specify outputDirectory"",""inputFiles"":[""test.ts""],""declaration"":true,""mapRoot"":""tests/cases/projects/outputdir_module_multifolder/mapFiles"",""outDir"":""outdir/simple"",""resolveMapRoot"":true,""sourceMap"":true,""strict"":false} || project/mapRootAbsolutePathModuleMultifolderSpecifyOutputFile.json:{""scenario"":""[Sourcemap]/[Maproot-AbsolutePath]: outputdir_module_multifolder: no outdir"",""inputFiles"":[""test.ts""],""declaration"":true,""mapRoot"":""tests/cases/projects/outputdir_module_multifolder/mapFiles"",""outFile"":""bin/test.js"",""resolveMapRoot"":true,""sourceMap"":true,""strict"":false} || project/mapRootRelativePathModuleMultifolderNoOutdir.json:{""scenario"":""[Sourcemap]/[Maproot-RelativePath]: outputdir_module_multifolder: no outdir"",""inputFiles"":[""test.ts""],""declaration"":true,""mapRoot"":""../mapFiles"",""sourceMap"":true,""strict"":false} || project/mapRootRelativePathModuleMultifolderSpecifyOutputDirectory.json:{""scenario"":""[Sourcemap]/[Maproot-RelativePath]: outputdir_module_multifolder: specify outputDirectory"",""inputFiles"":[""test.ts""],""declaration"":true,""mapRoot"":""../mapFiles"",""outDir"":""outdir/simple"",""sourceMap"":true,""strict"":false} || project/mapRootRelativePathModuleMultifolderSpecifyOutputFile.json:{""scenario"":""[Sourcemap]/[Maproot-RelativePath]: outputdir_module_multifolder: no outdir"",""inputFiles"":[""test.ts""],""declaration"":true,""mapRoot"":""../mapFiles"",""outFile"":""bin/test.js"",""sourceMap"":true,""strict"":false} || project/maprootUrlModuleMultifolderNoOutdir.json:{""scenario"":""[Sourcemap]/[Maproot-Url]: outputdir_module_multifolder: no outdir"",""inputFiles"":[""test.ts""],""declaration"":true,""mapRoot"":""http://www.typescriptlang.org/"",""sourceMap"":true,""strict"":false} || project/maprootUrlModuleMultifolderSpecifyOutputDirectory.json:{""scenario"":""[Sourcemap]/[Maproot-Url]: outputdir_module_multifolder: specify outputDirectory"",""inputFiles"":[""test.ts""],""declaration"":true,""mapRoot"":""http://www.typescriptlang.org/"",""outDir"":""outdir/simple"",""sourceMap"":true,""strict"":false} || project/maprootUrlModuleMultifolderSpecifyOutputFile.json:{""scenario"":""[Sourcemap]/[Maproot-Url]: outputdir_module_multifolder: no outdir"",""inputFiles"":[""test.ts""],""declaration"":true,""mapRoot"":""http://www.typescriptlang.org/"",""outFile"":""bin/test.js"",""sourceMap"":true,""strict"":false} || project/maprootUrlsourcerootUrlModuleMultifolderNoOutdir.json:{""scenario"":""[Sourcemap]/[Maproot-Url]/[Sourceroot-Url]: outputdir_module_multifolder: no outdir"",""inputFiles"":[""test.ts""],""declaration"":true,""mapRoot"":""http://www.typescriptlang.org/"",""sourceMap"":true,""sourceRoot"":""http://typescript.codeplex.com/"",""strict"":false} || project/maprootUrlsourcerootUrlModuleMultifolderSpecifyOutputDirectory.json:{""scenario"":""[Sourcemap]/[Maproot-Url]/[Sourceroot-Url]: outputdir_module_multifolder: specify outputDirectory"",""inputFiles"":[""test.ts""],""declaration"":true,""mapRoot"":""http://www.typescriptlang.org/"",""outDir"":""outdir/simple"",""sourceMap"":true,""sourceRoot"":""http://typescript.codeplex.com/"",""strict"":false} || project/maprootUrlsourcerootUrlModuleMultifolderSpecifyOutputFile.json:{""scenario"":""[Sourcemap]/[Maproot-Url]/[Sourceroot-Url]: outputdir_module_multifolder: no outdir"",""inputFiles"":[""test.ts""],""declaration"":true,""mapRoot"":""http://www.typescriptlang.org/"",""outFile"":""bin/test.js"",""sourceMap"":true,""sourceRoot"":""http://typescript.codeplex.com/"",""strict"":false} || project/outModuleMultifolderNoOutdir.json:{""scenario"":""outputdir_module_multifolder: no outdir"",""inputFiles"":[""test.ts""],""declaration"":true,""strict"":false} || project/outModuleMultifolderSpecifyOutputDirectory.json:{""scenario"":""outputdir_module_multifolder: specify outputDirectory"",""inputFiles"":[""test.ts""],""declaration"":true,""outDir"":""outdir/simple"",""strict"":false} || project/outModuleMultifolderSpecifyOutputFile.json:{""scenario"":""outputdir_module_multifolder: specify outputFile"",""inputFiles"":[""test.ts""],""declaration"":true,""outFile"":""bin/test.js"",""strict"":false} || project/sourceRootAbsolutePathModuleMultifolderNoOutdir.json:{""scenario"":""[Sourcemap]/[Sourceroot-AbsolutePath]: outputdir_module_multifolder: no outdir"",""inputFiles"":[""test.ts""],""declaration"":true,""resolveSourceRoot"":true,""sourceMap"":true,""sourceRoot"":""tests/cases/projects/outputdir_module_multifolder/src"",""strict"":false} || project/sourceRootAbsolutePathModuleMultifolderSpecifyOutputDirectory.json:{""scenario"":""[Sourcemap]/[Sourceroot-AbsolutePath]: outputdir_module_multifolder: specify outputDirectory"",""inputFiles"":[""test.ts""],""declaration"":true,""outDir"":""outdir/simple"",""resolveSourceRoot"":true,""sourceMap"":true,""sourceRoot"":""tests/cases/projects/outputdir_module_multifolder/src"",""strict"":false} || project/sourceRootAbsolutePathModuleMultifolderSpecifyOutputFile.json:{""scenario"":""[Sourcemap]/[Sourceroot-AbsolutePath]: outputdir_module_multifolder: no outdir"",""inputFiles"":[""test.ts""],""declaration"":true,""outFile"":""bin/test.js"",""resolveSourceRoot"":true,""sourceMap"":true,""sourceRoot"":""tests/cases/projects/outputdir_module_multifolder/src"",""strict"":false} || project/sourceRootRelativePathModuleMultifolderNoOutdir.json:{""scenario"":""[Sourcemap]/[Sourceroot-RelativePath]: outputdir_module_multifolder: no outdir"",""inputFiles"":[""test.ts""],""declaration"":true,""sourceMap"":true,""sourceRoot"":""../src"",""strict"":false} || project/sourceRootRelativePathModuleMultifolderSpecifyOutputDirectory.json:{""scenario"":""[Sourcemap]/[Sourceroot-RelativePath]: outputdir_module_multifolder: specify outputDirectory"",""inputFiles"":[""test.ts""],""declaration"":true,""outDir"":""outdir/simple"",""sourceMap"":true,""sourceRoot"":""../src"",""strict"":false} || project/sourceRootRelativePathModuleMultifolderSpecifyOutputFile.json:{""scenario"":""[Sourcemap]/[Sourceroot-RelativePath]: outputdir_module_multifolder: no outdir"",""inputFiles"":[""test.ts""],""declaration"":true,""outFile"":""bin/test.js"",""sourceMap"":true,""sourceRoot"":""../src"",""strict"":false} || project/sourcemapModuleMultifolderNoOutdir.json:{""scenario"":""[Sourcemap]: outputdir_module_multifolder: no outdir"",""inputFiles"":[""test.ts""],""declaration"":true,""sourceMap"":true,""strict"":false} || project/sourcemapModuleMultifolderSpecifyOutputDirectory.json:{""scenario"":""[Sourcemap]: outputdir_module_multifolder: specify outputDirectory"",""inputFiles"":[""test.ts""],""declaration"":true,""outDir"":""outdir/simple"",""sourceMap"":true,""strict"":false} || project/sourcemapModuleMultifolderSpecifyOutputFile.json:{""scenario"":""[Sourcemap]: outputdir_module_multifolder: no outdir"",""inputFiles"":[""test.ts""],""declaration"":true,""outFile"":""bin/test.js"",""sourceMap"":true,""strict"":false} || project/sourcerootUrlModuleMultifolderNoOutdir.json:{""scenario"":""[Sourcemap]/[Sourceroot-Url]: outputdir_module_multifolder: no outdir"",""inputFiles"":[""test.ts""],""declaration"":true,""sourceMap"":true,""sourceRoot"":""http://typescript.codeplex.com/"",""strict"":false} || project/sourcerootUrlModuleMultifolderSpecifyOutputDirectory.json:{""scenario"":""[Sourcemap]/[Sourceroot-Url]: outputdir_module_multifolder: specify outputDirectory"",""inputFiles"":[""test.ts""],""declaration"":true,""outDir"":""outdir/simple"",""sourceMap"":true,""sourceRoot"":""http://typescript.codeplex.com/"",""strict"":false} || project/sourcerootUrlModuleMultifolderSpecifyOutputFile.json:{""scenario"":""[Sourcemap]/[Sourceroot-Url]: outputdir_module_multifolder: no outdir"",""inputFiles"":[""test.ts""],""declaration"":true,""outFile"":""bin/test.js"",""sourceMap"":true,""sourceRoot"":""http://typescript.codeplex.com/"",""strict"":false} || checked_in_tsconfig=none"	fixture under a runner project root; exact input selection/options are listed per case	Oracle gap: pinned TS-Go sparse checkout has no project-suite reference baseline for this fixture; runner JSON supplies scenario/options only, and this case has not been independently executed through TS-Go CLI.		mapped to upstream runner case(s); pending focused Rust behavior test and direct oracle check
projects	projects/outputdir_module_multifolder/test.ts	[Sourcemap]/[Maproot-AbsolutePath]: outputdir_module_multifolder: no outdir | [Sourcemap]/[Maproot-AbsolutePath]: outputdir_module_multifolder: specify outputDirectory | [Sourcemap]/[Maproot-RelativePath]: outputdir_module_multifolder: no outdir | [Sourcemap]/[Maproot-RelativePath]: outputdir_module_multifolder: specify outputDirectory | [Sourcemap]/[Maproot-Url]: outputdir_module_multifolder: no outdir | [Sourcemap]/[Maproot-Url]: outputdir_module_multifolder: specify outputDirectory | [Sourcemap]/[Maproot-Url]/[Sourceroot-Url]: outputdir_module_multifolder: no outdir | [Sourcemap]/[Maproot-Url]/[Sourceroot-Url]: outputdir_module_multifolder: specify outputDirectory | outputdir_module_multifolder: no outdir | outputdir_module_multifolder: specify outputDirectory | outputdir_module_multifolder: specify outputFile | [Sourcemap]/[Sourceroot-AbsolutePath]: outputdir_module_multifolder: no outdir | [Sourcemap]/[Sourceroot-AbsolutePath]: outputdir_module_multifolder: specify outputDirectory | [Sourcemap]/[Sourceroot-RelativePath]: outputdir_module_multifolder: no outdir | [Sourcemap]/[Sourceroot-RelativePath]: outputdir_module_multifolder: specify outputDirectory | [Sourcemap]: outputdir_module_multifolder: no outdir | [Sourcemap]: outputdir_module_multifolder: specify outputDirectory | [Sourcemap]/[Sourceroot-Url]: outputdir_module_multifolder: no outdir | [Sourcemap]/[Sourceroot-Url]: outputdir_module_multifolder: specify outputDirectory	project/mapRootAbsolutePathModuleMultifolderNoOutdir.json;project/mapRootAbsolutePathModuleMultifolderSpecifyOutputDirectory.json;project/mapRootAbsolutePathModuleMultifolderSpecifyOutputFile.json;project/mapRootRelativePathModuleMultifolderNoOutdir.json;project/mapRootRelativePathModuleMultifolderSpecifyOutputDirectory.json;project/mapRootRelativePathModuleMultifolderSpecifyOutputFile.json;project/maprootUrlModuleMultifolderNoOutdir.json;project/maprootUrlModuleMultifolderSpecifyOutputDirectory.json;project/maprootUrlModuleMultifolderSpecifyOutputFile.json;project/maprootUrlsourcerootUrlModuleMultifolderNoOutdir.json;project/maprootUrlsourcerootUrlModuleMultifolderSpecifyOutputDirectory.json;project/maprootUrlsourcerootUrlModuleMultifolderSpecifyOutputFile.json;project/outModuleMultifolderNoOutdir.json;project/outModuleMultifolderSpecifyOutputDirectory.json;project/outModuleMultifolderSpecifyOutputFile.json;project/sourceRootAbsolutePathModuleMultifolderNoOutdir.json;project/sourceRootAbsolutePathModuleMultifolderSpecifyOutputDirectory.json;project/sourceRootAbsolutePathModuleMultifolderSpecifyOutputFile.json;project/sourceRootRelativePathModuleMultifolderNoOutdir.json;project/sourceRootRelativePathModuleMultifolderSpecifyOutputDirectory.json;project/sourceRootRelativePathModuleMultifolderSpecifyOutputFile.json;project/sourcemapModuleMultifolderNoOutdir.json;project/sourcemapModuleMultifolderSpecifyOutputDirectory.json;project/sourcemapModuleMultifolderSpecifyOutputFile.json;project/sourcerootUrlModuleMultifolderNoOutdir.json;project/sourcerootUrlModuleMultifolderSpecifyOutputDirectory.json;project/sourcerootUrlModuleMultifolderSpecifyOutputFile.json	"runner=project/mapRootAbsolutePathModuleMultifolderNoOutdir.json:{""scenario"":""[Sourcemap]/[Maproot-AbsolutePath]: outputdir_module_multifolder: no outdir"",""inputFiles"":[""test.ts""],""declaration"":true,""mapRoot"":""tests/cases/projects/outputdir_module_multifolder/mapFiles"",""resolveMapRoot"":true,""sourceMap"":true,""strict"":false} || project/mapRootAbsolutePathModuleMultifolderSpecifyOutputDirectory.json:{""scenario"":""[Sourcemap]/[Maproot-AbsolutePath]: outputdir_module_multifolder: specify outputDirectory"",""inputFiles"":[""test.ts""],""declaration"":true,""mapRoot"":""tests/cases/projects/outputdir_module_multifolder/mapFiles"",""outDir"":""outdir/simple"",""resolveMapRoot"":true,""sourceMap"":true,""strict"":false} || project/mapRootAbsolutePathModuleMultifolderSpecifyOutputFile.json:{""scenario"":""[Sourcemap]/[Maproot-AbsolutePath]: outputdir_module_multifolder: no outdir"",""inputFiles"":[""test.ts""],""declaration"":true,""mapRoot"":""tests/cases/projects/outputdir_module_multifolder/mapFiles"",""outFile"":""bin/test.js"",""resolveMapRoot"":true,""sourceMap"":true,""strict"":false} || project/mapRootRelativePathModuleMultifolderNoOutdir.json:{""scenario"":""[Sourcemap]/[Maproot-RelativePath]: outputdir_module_multifolder: no outdir"",""inputFiles"":[""test.ts""],""declaration"":true,""mapRoot"":""../mapFiles"",""sourceMap"":true,""strict"":false} || project/mapRootRelativePathModuleMultifolderSpecifyOutputDirectory.json:{""scenario"":""[Sourcemap]/[Maproot-RelativePath]: outputdir_module_multifolder: specify outputDirectory"",""inputFiles"":[""test.ts""],""declaration"":true,""mapRoot"":""../mapFiles"",""outDir"":""outdir/simple"",""sourceMap"":true,""strict"":false} || project/mapRootRelativePathModuleMultifolderSpecifyOutputFile.json:{""scenario"":""[Sourcemap]/[Maproot-RelativePath]: outputdir_module_multifolder: no outdir"",""inputFiles"":[""test.ts""],""declaration"":true,""mapRoot"":""../mapFiles"",""outFile"":""bin/test.js"",""sourceMap"":true,""strict"":false} || project/maprootUrlModuleMultifolderNoOutdir.json:{""scenario"":""[Sourcemap]/[Maproot-Url]: outputdir_module_multifolder: no outdir"",""inputFiles"":[""test.ts""],""declaration"":true,""mapRoot"":""http://www.typescriptlang.org/"",""sourceMap"":true,""strict"":false} || project/maprootUrlModuleMultifolderSpecifyOutputDirectory.json:{""scenario"":""[Sourcemap]/[Maproot-Url]: outputdir_module_multifolder: specify outputDirectory"",""inputFiles"":[""test.ts""],""declaration"":true,""mapRoot"":""http://www.typescriptlang.org/"",""outDir"":""outdir/simple"",""sourceMap"":true,""strict"":false} || project/maprootUrlModuleMultifolderSpecifyOutputFile.json:{""scenario"":""[Sourcemap]/[Maproot-Url]: outputdir_module_multifolder: no outdir"",""inputFiles"":[""test.ts""],""declaration"":true,""mapRoot"":""http://www.typescriptlang.org/"",""outFile"":""bin/test.js"",""sourceMap"":true,""strict"":false} || project/maprootUrlsourcerootUrlModuleMultifolderNoOutdir.json:{""scenario"":""[Sourcemap]/[Maproot-Url]/[Sourceroot-Url]: outputdir_module_multifolder: no outdir"",""inputFiles"":[""test.ts""],""declaration"":true,""mapRoot"":""http://www.typescriptlang.org/"",""sourceMap"":true,""sourceRoot"":""http://typescript.codeplex.com/"",""strict"":false} || project/maprootUrlsourcerootUrlModuleMultifolderSpecifyOutputDirectory.json:{""scenario"":""[Sourcemap]/[Maproot-Url]/[Sourceroot-Url]: outputdir_module_multifolder: specify outputDirectory"",""inputFiles"":[""test.ts""],""declaration"":true,""mapRoot"":""http://www.typescriptlang.org/"",""outDir"":""outdir/simple"",""sourceMap"":true,""sourceRoot"":""http://typescript.codeplex.com/"",""strict"":false} || project/maprootUrlsourcerootUrlModuleMultifolderSpecifyOutputFile.json:{""scenario"":""[Sourcemap]/[Maproot-Url]/[Sourceroot-Url]: outputdir_module_multifolder: no outdir"",""inputFiles"":[""test.ts""],""declaration"":true,""mapRoot"":""http://www.typescriptlang.org/"",""outFile"":""bin/test.js"",""sourceMap"":true,""sourceRoot"":""http://typescript.codeplex.com/"",""strict"":false} || project/outModuleMultifolderNoOutdir.json:{""scenario"":""outputdir_module_multifolder: no outdir"",""inputFiles"":[""test.ts""],""declaration"":true,""strict"":false} || project/outModuleMultifolderSpecifyOutputDirectory.json:{""scenario"":""outputdir_module_multifolder: specify outputDirectory"",""inputFiles"":[""test.ts""],""declaration"":true,""outDir"":""outdir/simple"",""strict"":false} || project/outModuleMultifolderSpecifyOutputFile.json:{""scenario"":""outputdir_module_multifolder: specify outputFile"",""inputFiles"":[""test.ts""],""declaration"":true,""outFile"":""bin/test.js"",""strict"":false} || project/sourceRootAbsolutePathModuleMultifolderNoOutdir.json:{""scenario"":""[Sourcemap]/[Sourceroot-AbsolutePath]: outputdir_module_multifolder: no outdir"",""inputFiles"":[""test.ts""],""declaration"":true,""resolveSourceRoot"":true,""sourceMap"":true,""sourceRoot"":""tests/cases/projects/outputdir_module_multifolder/src"",""strict"":false} || project/sourceRootAbsolutePathModuleMultifolderSpecifyOutputDirectory.json:{""scenario"":""[Sourcemap]/[Sourceroot-AbsolutePath]: outputdir_module_multifolder: specify outputDirectory"",""inputFiles"":[""test.ts""],""declaration"":true,""outDir"":""outdir/simple"",""resolveSourceRoot"":true,""sourceMap"":true,""sourceRoot"":""tests/cases/projects/outputdir_module_multifolder/src"",""strict"":false} || project/sourceRootAbsolutePathModuleMultifolderSpecifyOutputFile.json:{""scenario"":""[Sourcemap]/[Sourceroot-AbsolutePath]: outputdir_module_multifolder: no outdir"",""inputFiles"":[""test.ts""],""declaration"":true,""outFile"":""bin/test.js"",""resolveSourceRoot"":true,""sourceMap"":true,""sourceRoot"":""tests/cases/projects/outputdir_module_multifolder/src"",""strict"":false} || project/sourceRootRelativePathModuleMultifolderNoOutdir.json:{""scenario"":""[Sourcemap]/[Sourceroot-RelativePath]: outputdir_module_multifolder: no outdir"",""inputFiles"":[""test.ts""],""declaration"":true,""sourceMap"":true,""sourceRoot"":""../src"",""strict"":false} || project/sourceRootRelativePathModuleMultifolderSpecifyOutputDirectory.json:{""scenario"":""[Sourcemap]/[Sourceroot-RelativePath]: outputdir_module_multifolder: specify outputDirectory"",""inputFiles"":[""test.ts""],""declaration"":true,""outDir"":""outdir/simple"",""sourceMap"":true,""sourceRoot"":""../src"",""strict"":false} || project/sourceRootRelativePathModuleMultifolderSpecifyOutputFile.json:{""scenario"":""[Sourcemap]/[Sourceroot-RelativePath]: outputdir_module_multifolder: no outdir"",""inputFiles"":[""test.ts""],""declaration"":true,""outFile"":""bin/test.js"",""sourceMap"":true,""sourceRoot"":""../src"",""strict"":false} || project/sourcemapModuleMultifolderNoOutdir.json:{""scenario"":""[Sourcemap]: outputdir_module_multifolder: no outdir"",""inputFiles"":[""test.ts""],""declaration"":true,""sourceMap"":true,""strict"":false} || project/sourcemapModuleMultifolderSpecifyOutputDirectory.json:{""scenario"":""[Sourcemap]: outputdir_module_multifolder: specify outputDirectory"",""inputFiles"":[""test.ts""],""declaration"":true,""outDir"":""outdir/simple"",""sourceMap"":true,""strict"":false} || project/sourcemapModuleMultifolderSpecifyOutputFile.json:{""scenario"":""[Sourcemap]: outputdir_module_multifolder: no outdir"",""inputFiles"":[""test.ts""],""declaration"":true,""outFile"":""bin/test.js"",""sourceMap"":true,""strict"":false} || project/sourcerootUrlModuleMultifolderNoOutdir.json:{""scenario"":""[Sourcemap]/[Sourceroot-Url]: outputdir_module_multifolder: no outdir"",""inputFiles"":[""test.ts""],""declaration"":true,""sourceMap"":true,""sourceRoot"":""http://typescript.codeplex.com/"",""strict"":false} || project/sourcerootUrlModuleMultifolderSpecifyOutputDirectory.json:{""scenario"":""[Sourcemap]/[Sourceroot-Url]: outputdir_module_multifolder: specify outputDirectory"",""inputFiles"":[""test.ts""],""declaration"":true,""outDir"":""outdir/simple"",""sourceMap"":true,""sourceRoot"":""http://typescript.codeplex.com/"",""strict"":false} || project/sourcerootUrlModuleMultifolderSpecifyOutputFile.json:{""scenario"":""[Sourcemap]/[Sourceroot-Url]: outputdir_module_multifolder: no outdir"",""inputFiles"":[""test.ts""],""declaration"":true,""outFile"":""bin/test.js"",""sourceMap"":true,""sourceRoot"":""http://typescript.codeplex.com/"",""strict"":false} || checked_in_tsconfig=none"	explicit runner input or project input	TS-Go 7.0.2 with outDir and an imported source outside the project root reports TS5011 when rootDir is omitted.	should_report_common_source_directory_outside_project_given_out_dir_without_root_dir_when_compiling_project	oracle-verified; focused Rust project test is red because TS5011 is absent
projects	projects/outputdir_module_multifolder_ref/m2.ts	[Sourcemap]/[Maproot-AbsolutePath]: outputdir_module_multifolder: no outdir | [Sourcemap]/[Maproot-AbsolutePath]: outputdir_module_multifolder: specify outputDirectory | [Sourcemap]/[Maproot-RelativePath]: outputdir_module_multifolder: no outdir | [Sourcemap]/[Maproot-RelativePath]: outputdir_module_multifolder: specify outputDirectory | [Sourcemap]/[Maproot-Url]: outputdir_module_multifolder: no outdir | [Sourcemap]/[Maproot-Url]: outputdir_module_multifolder: specify outputDirectory | [Sourcemap]/[Maproot-Url]/[Sourceroot-Url]: outputdir_module_multifolder: no outdir | [Sourcemap]/[Maproot-Url]/[Sourceroot-Url]: outputdir_module_multifolder: specify outputDirectory | outputdir_module_multifolder: no outdir | outputdir_module_multifolder: specify outputDirectory | outputdir_module_multifolder: specify outputFile | [Sourcemap]/[Sourceroot-AbsolutePath]: outputdir_module_multifolder: no outdir | [Sourcemap]/[Sourceroot-AbsolutePath]: outputdir_module_multifolder: specify outputDirectory | [Sourcemap]/[Sourceroot-RelativePath]: outputdir_module_multifolder: no outdir | [Sourcemap]/[Sourceroot-RelativePath]: outputdir_module_multifolder: specify outputDirectory | [Sourcemap]: outputdir_module_multifolder: no outdir | [Sourcemap]: outputdir_module_multifolder: specify outputDirectory | [Sourcemap]/[Sourceroot-Url]: outputdir_module_multifolder: no outdir | [Sourcemap]/[Sourceroot-Url]: outputdir_module_multifolder: specify outputDirectory	project/mapRootAbsolutePathModuleMultifolderNoOutdir.json;project/mapRootAbsolutePathModuleMultifolderSpecifyOutputDirectory.json;project/mapRootAbsolutePathModuleMultifolderSpecifyOutputFile.json;project/mapRootRelativePathModuleMultifolderNoOutdir.json;project/mapRootRelativePathModuleMultifolderSpecifyOutputDirectory.json;project/mapRootRelativePathModuleMultifolderSpecifyOutputFile.json;project/maprootUrlModuleMultifolderNoOutdir.json;project/maprootUrlModuleMultifolderSpecifyOutputDirectory.json;project/maprootUrlModuleMultifolderSpecifyOutputFile.json;project/maprootUrlsourcerootUrlModuleMultifolderNoOutdir.json;project/maprootUrlsourcerootUrlModuleMultifolderSpecifyOutputDirectory.json;project/maprootUrlsourcerootUrlModuleMultifolderSpecifyOutputFile.json;project/outModuleMultifolderNoOutdir.json;project/outModuleMultifolderSpecifyOutputDirectory.json;project/outModuleMultifolderSpecifyOutputFile.json;project/sourceRootAbsolutePathModuleMultifolderNoOutdir.json;project/sourceRootAbsolutePathModuleMultifolderSpecifyOutputDirectory.json;project/sourceRootAbsolutePathModuleMultifolderSpecifyOutputFile.json;project/sourceRootRelativePathModuleMultifolderNoOutdir.json;project/sourceRootRelativePathModuleMultifolderSpecifyOutputDirectory.json;project/sourceRootRelativePathModuleMultifolderSpecifyOutputFile.json;project/sourcemapModuleMultifolderNoOutdir.json;project/sourcemapModuleMultifolderSpecifyOutputDirectory.json;project/sourcemapModuleMultifolderSpecifyOutputFile.json;project/sourcerootUrlModuleMultifolderNoOutdir.json;project/sourcerootUrlModuleMultifolderSpecifyOutputDirectory.json;project/sourcerootUrlModuleMultifolderSpecifyOutputFile.json	"runner=project/mapRootAbsolutePathModuleMultifolderNoOutdir.json:{""scenario"":""[Sourcemap]/[Maproot-AbsolutePath]: outputdir_module_multifolder: no outdir"",""inputFiles"":[""test.ts""],""declaration"":true,""mapRoot"":""tests/cases/projects/outputdir_module_multifolder/mapFiles"",""resolveMapRoot"":true,""sourceMap"":true,""strict"":false} || project/mapRootAbsolutePathModuleMultifolderSpecifyOutputDirectory.json:{""scenario"":""[Sourcemap]/[Maproot-AbsolutePath]: outputdir_module_multifolder: specify outputDirectory"",""inputFiles"":[""test.ts""],""declaration"":true,""mapRoot"":""tests/cases/projects/outputdir_module_multifolder/mapFiles"",""outDir"":""outdir/simple"",""resolveMapRoot"":true,""sourceMap"":true,""strict"":false} || project/mapRootAbsolutePathModuleMultifolderSpecifyOutputFile.json:{""scenario"":""[Sourcemap]/[Maproot-AbsolutePath]: outputdir_module_multifolder: no outdir"",""inputFiles"":[""test.ts""],""declaration"":true,""mapRoot"":""tests/cases/projects/outputdir_module_multifolder/mapFiles"",""outFile"":""bin/test.js"",""resolveMapRoot"":true,""sourceMap"":true,""strict"":false} || project/mapRootRelativePathModuleMultifolderNoOutdir.json:{""scenario"":""[Sourcemap]/[Maproot-RelativePath]: outputdir_module_multifolder: no outdir"",""inputFiles"":[""test.ts""],""declaration"":true,""mapRoot"":""../mapFiles"",""sourceMap"":true,""strict"":false} || project/mapRootRelativePathModuleMultifolderSpecifyOutputDirectory.json:{""scenario"":""[Sourcemap]/[Maproot-RelativePath]: outputdir_module_multifolder: specify outputDirectory"",""inputFiles"":[""test.ts""],""declaration"":true,""mapRoot"":""../mapFiles"",""outDir"":""outdir/simple"",""sourceMap"":true,""strict"":false} || project/mapRootRelativePathModuleMultifolderSpecifyOutputFile.json:{""scenario"":""[Sourcemap]/[Maproot-RelativePath]: outputdir_module_multifolder: no outdir"",""inputFiles"":[""test.ts""],""declaration"":true,""mapRoot"":""../mapFiles"",""outFile"":""bin/test.js"",""sourceMap"":true,""strict"":false} || project/maprootUrlModuleMultifolderNoOutdir.json:{""scenario"":""[Sourcemap]/[Maproot-Url]: outputdir_module_multifolder: no outdir"",""inputFiles"":[""test.ts""],""declaration"":true,""mapRoot"":""http://www.typescriptlang.org/"",""sourceMap"":true,""strict"":false} || project/maprootUrlModuleMultifolderSpecifyOutputDirectory.json:{""scenario"":""[Sourcemap]/[Maproot-Url]: outputdir_module_multifolder: specify outputDirectory"",""inputFiles"":[""test.ts""],""declaration"":true,""mapRoot"":""http://www.typescriptlang.org/"",""outDir"":""outdir/simple"",""sourceMap"":true,""strict"":false} || project/maprootUrlModuleMultifolderSpecifyOutputFile.json:{""scenario"":""[Sourcemap]/[Maproot-Url]: outputdir_module_multifolder: no outdir"",""inputFiles"":[""test.ts""],""declaration"":true,""mapRoot"":""http://www.typescriptlang.org/"",""outFile"":""bin/test.js"",""sourceMap"":true,""strict"":false} || project/maprootUrlsourcerootUrlModuleMultifolderNoOutdir.json:{""scenario"":""[Sourcemap]/[Maproot-Url]/[Sourceroot-Url]: outputdir_module_multifolder: no outdir"",""inputFiles"":[""test.ts""],""declaration"":true,""mapRoot"":""http://www.typescriptlang.org/"",""sourceMap"":true,""sourceRoot"":""http://typescript.codeplex.com/"",""strict"":false} || project/maprootUrlsourcerootUrlModuleMultifolderSpecifyOutputDirectory.json:{""scenario"":""[Sourcemap]/[Maproot-Url]/[Sourceroot-Url]: outputdir_module_multifolder: specify outputDirectory"",""inputFiles"":[""test.ts""],""declaration"":true,""mapRoot"":""http://www.typescriptlang.org/"",""outDir"":""outdir/simple"",""sourceMap"":true,""sourceRoot"":""http://typescript.codeplex.com/"",""strict"":false} || project/maprootUrlsourcerootUrlModuleMultifolderSpecifyOutputFile.json:{""scenario"":""[Sourcemap]/[Maproot-Url]/[Sourceroot-Url]: outputdir_module_multifolder: no outdir"",""inputFiles"":[""test.ts""],""declaration"":true,""mapRoot"":""http://www.typescriptlang.org/"",""outFile"":""bin/test.js"",""sourceMap"":true,""sourceRoot"":""http://typescript.codeplex.com/"",""strict"":false} || project/outModuleMultifolderNoOutdir.json:{""scenario"":""outputdir_module_multifolder: no outdir"",""inputFiles"":[""test.ts""],""declaration"":true,""strict"":false} || project/outModuleMultifolderSpecifyOutputDirectory.json:{""scenario"":""outputdir_module_multifolder: specify outputDirectory"",""inputFiles"":[""test.ts""],""declaration"":true,""outDir"":""outdir/simple"",""strict"":false} || project/outModuleMultifolderSpecifyOutputFile.json:{""scenario"":""outputdir_module_multifolder: specify outputFile"",""inputFiles"":[""test.ts""],""declaration"":true,""outFile"":""bin/test.js"",""strict"":false} || project/sourceRootAbsolutePathModuleMultifolderNoOutdir.json:{""scenario"":""[Sourcemap]/[Sourceroot-AbsolutePath]: outputdir_module_multifolder: no outdir"",""inputFiles"":[""test.ts""],""declaration"":true,""resolveSourceRoot"":true,""sourceMap"":true,""sourceRoot"":""tests/cases/projects/outputdir_module_multifolder/src"",""strict"":false} || project/sourceRootAbsolutePathModuleMultifolderSpecifyOutputDirectory.json:{""scenario"":""[Sourcemap]/[Sourceroot-AbsolutePath]: outputdir_module_multifolder: specify outputDirectory"",""inputFiles"":[""test.ts""],""declaration"":true,""outDir"":""outdir/simple"",""resolveSourceRoot"":true,""sourceMap"":true,""sourceRoot"":""tests/cases/projects/outputdir_module_multifolder/src"",""strict"":false} || project/sourceRootAbsolutePathModuleMultifolderSpecifyOutputFile.json:{""scenario"":""[Sourcemap]/[Sourceroot-AbsolutePath]: outputdir_module_multifolder: no outdir"",""inputFiles"":[""test.ts""],""declaration"":true,""outFile"":""bin/test.js"",""resolveSourceRoot"":true,""sourceMap"":true,""sourceRoot"":""tests/cases/projects/outputdir_module_multifolder/src"",""strict"":false} || project/sourceRootRelativePathModuleMultifolderNoOutdir.json:{""scenario"":""[Sourcemap]/[Sourceroot-RelativePath]: outputdir_module_multifolder: no outdir"",""inputFiles"":[""test.ts""],""declaration"":true,""sourceMap"":true,""sourceRoot"":""../src"",""strict"":false} || project/sourceRootRelativePathModuleMultifolderSpecifyOutputDirectory.json:{""scenario"":""[Sourcemap]/[Sourceroot-RelativePath]: outputdir_module_multifolder: specify outputDirectory"",""inputFiles"":[""test.ts""],""declaration"":true,""outDir"":""outdir/simple"",""sourceMap"":true,""sourceRoot"":""../src"",""strict"":false} || project/sourceRootRelativePathModuleMultifolderSpecifyOutputFile.json:{""scenario"":""[Sourcemap]/[Sourceroot-RelativePath]: outputdir_module_multifolder: no outdir"",""inputFiles"":[""test.ts""],""declaration"":true,""outFile"":""bin/test.js"",""sourceMap"":true,""sourceRoot"":""../src"",""strict"":false} || project/sourcemapModuleMultifolderNoOutdir.json:{""scenario"":""[Sourcemap]: outputdir_module_multifolder: no outdir"",""inputFiles"":[""test.ts""],""declaration"":true,""sourceMap"":true,""strict"":false} || project/sourcemapModuleMultifolderSpecifyOutputDirectory.json:{""scenario"":""[Sourcemap]: outputdir_module_multifolder: specify outputDirectory"",""inputFiles"":[""test.ts""],""declaration"":true,""outDir"":""outdir/simple"",""sourceMap"":true,""strict"":false} || project/sourcemapModuleMultifolderSpecifyOutputFile.json:{""scenario"":""[Sourcemap]: outputdir_module_multifolder: no outdir"",""inputFiles"":[""test.ts""],""declaration"":true,""outFile"":""bin/test.js"",""sourceMap"":true,""strict"":false} || project/sourcerootUrlModuleMultifolderNoOutdir.json:{""scenario"":""[Sourcemap]/[Sourceroot-Url]: outputdir_module_multifolder: no outdir"",""inputFiles"":[""test.ts""],""declaration"":true,""sourceMap"":true,""sourceRoot"":""http://typescript.codeplex.com/"",""strict"":false} || project/sourcerootUrlModuleMultifolderSpecifyOutputDirectory.json:{""scenario"":""[Sourcemap]/[Sourceroot-Url]: outputdir_module_multifolder: specify outputDirectory"",""inputFiles"":[""test.ts""],""declaration"":true,""outDir"":""outdir/simple"",""sourceMap"":true,""sourceRoot"":""http://typescript.codeplex.com/"",""strict"":false} || project/sourcerootUrlModuleMultifolderSpecifyOutputFile.json:{""scenario"":""[Sourcemap]/[Sourceroot-Url]: outputdir_module_multifolder: no outdir"",""inputFiles"":[""test.ts""],""declaration"":true,""outFile"":""bin/test.js"",""sourceMap"":true,""sourceRoot"":""http://typescript.codeplex.com/"",""strict"":false} || checked_in_tsconfig=none"	relative-import-or-reference support source outside effective project root	TS-Go 7.0.2 with outDir and an imported source outside the project root reports TS5011 when rootDir is omitted.	should_report_common_source_directory_outside_project_given_out_dir_without_root_dir_when_compiling_project	oracle-verified; focused Rust project test is red because TS5011 is absent
projects	projects/outputdir_module_simple/m1.ts	[Sourcemap]/[Maproot-AbsolutePath]: outputdir_module_simple: no outdir | [Sourcemap]/[Maproot-AbsolutePath]: outputdir_module_simple: specify outputDirectory | [Sourcemap]/[Maproot-RelativePath]: outputdir_module_simple: no outdir | [Sourcemap]/[Maproot-RelativePath]: outputdir_module_simple: specify outputDirectory | [Sourcemap]/[Maproot-Url]: outputdir_module_simple: no outdir | [Sourcemap]/[Maproot-Url]: outputdir_module_simple: specify outputDirectory | [Sourcemap]/[Maproot-Url]/[Sourceroot-Url]: outputdir_module_simple: no outdir | [Sourcemap]/[Maproot-Url]/[Sourceroot-Url]: outputdir_module_simple: specify outputDirectory | outputdir_module_simple: no outdir | outputdir_module_simple: specify outputDirectory | outputdir_module_simple: specify outputFile | [Sourcemap]/[Sourceroot-AbsolutePath]: outputdir_module_simple: no outdir | [Sourcemap]/[Sourceroot-AbsolutePath]: outputdir_module_simple: specify outputDirectory | [Sourcemap]/[Sourceroot-RelativePath]: outputdir_module_simple: no outdir | [Sourcemap]/[Sourceroot-RelativePath]: outputdir_module_simple: specify outputDirectory | [Sourcemap]: outputdir_module_simple: no outdir | [Sourcemap]: outputdir_module_simple: specify outputDirectory | [Sourcemap]/[Sourceroot-Url]: outputdir_module_simple: no outdir | [Sourcemap]/[Sourceroot-Url]: outputdir_module_simple: specify outputDirectory	project/mapRootAbsolutePathModuleSimpleNoOutdir.json;project/mapRootAbsolutePathModuleSimpleSpecifyOutputDirectory.json;project/mapRootAbsolutePathModuleSimpleSpecifyOutputFile.json;project/mapRootRelativePathModuleSimpleNoOutdir.json;project/mapRootRelativePathModuleSimpleSpecifyOutputDirectory.json;project/mapRootRelativePathModuleSimpleSpecifyOutputFile.json;project/maprootUrlModuleSimpleNoOutdir.json;project/maprootUrlModuleSimpleSpecifyOutputDirectory.json;project/maprootUrlModuleSimpleSpecifyOutputFile.json;project/maprootUrlsourcerootUrlModuleSimpleNoOutdir.json;project/maprootUrlsourcerootUrlModuleSimpleSpecifyOutputDirectory.json;project/maprootUrlsourcerootUrlModuleSimpleSpecifyOutputFile.json;project/outModuleSimpleNoOutdir.json;project/outModuleSimpleSpecifyOutputDirectory.json;project/outModuleSimpleSpecifyOutputFile.json;project/sourceRootAbsolutePathModuleSimpleNoOutdir.json;project/sourceRootAbsolutePathModuleSimpleSpecifyOutputDirectory.json;project/sourceRootAbsolutePathModuleSimpleSpecifyOutputFile.json;project/sourceRootRelativePathModuleSimpleNoOutdir.json;project/sourceRootRelativePathModuleSimpleSpecifyOutputDirectory.json;project/sourceRootRelativePathModuleSimpleSpecifyOutputFile.json;project/sourcemapModuleSimpleNoOutdir.json;project/sourcemapModuleSimpleSpecifyOutputDirectory.json;project/sourcemapModuleSimpleSpecifyOutputFile.json;project/sourcerootUrlModuleSimpleNoOutdir.json;project/sourcerootUrlModuleSimpleSpecifyOutputDirectory.json;project/sourcerootUrlModuleSimpleSpecifyOutputFile.json	"runner=project/mapRootAbsolutePathModuleSimpleNoOutdir.json:{""scenario"":""[Sourcemap]/[Maproot-AbsolutePath]: outputdir_module_simple: no outdir"",""inputFiles"":[""test.ts""],""declaration"":true,""mapRoot"":""tests/cases/projects/outputdir_module_simple/mapFiles"",""resolveMapRoot"":true,""sourceMap"":true,""strict"":false} || project/mapRootAbsolutePathModuleSimpleSpecifyOutputDirectory.json:{""scenario"":""[Sourcemap]/[Maproot-AbsolutePath]: outputdir_module_simple: specify outputDirectory"",""inputFiles"":[""test.ts""],""declaration"":true,""mapRoot"":""tests/cases/projects/outputdir_module_simple/mapFiles"",""outDir"":""outdir/simple"",""resolveMapRoot"":true,""sourceMap"":true,""strict"":false} || project/mapRootAbsolutePathModuleSimpleSpecifyOutputFile.json:{""scenario"":""[Sourcemap]/[Maproot-AbsolutePath]: outputdir_module_simple: no outdir"",""inputFiles"":[""test.ts""],""declaration"":true,""mapRoot"":""tests/cases/projects/outputdir_module_simple/mapFiles"",""outFile"":""bin/test.js"",""resolveMapRoot"":true,""sourceMap"":true,""strict"":false} || project/mapRootRelativePathModuleSimpleNoOutdir.json:{""scenario"":""[Sourcemap]/[Maproot-RelativePath]: outputdir_module_simple: no outdir"",""inputFiles"":[""test.ts""],""declaration"":true,""mapRoot"":""../mapFiles"",""sourceMap"":true,""strict"":false} || project/mapRootRelativePathModuleSimpleSpecifyOutputDirectory.json:{""scenario"":""[Sourcemap]/[Maproot-RelativePath]: outputdir_module_simple: specify outputDirectory"",""inputFiles"":[""test.ts""],""declaration"":true,""mapRoot"":""../mapFiles"",""outDir"":""outdir/simple"",""sourceMap"":true,""strict"":false} || project/mapRootRelativePathModuleSimpleSpecifyOutputFile.json:{""scenario"":""[Sourcemap]/[Maproot-RelativePath]: outputdir_module_simple: no outdir"",""inputFiles"":[""test.ts""],""declaration"":true,""mapRoot"":""../mapFiles"",""outFile"":""bin/test.js"",""sourceMap"":true,""strict"":false} || project/maprootUrlModuleSimpleNoOutdir.json:{""scenario"":""[Sourcemap]/[Maproot-Url]: outputdir_module_simple: no outdir"",""inputFiles"":[""test.ts""],""declaration"":true,""mapRoot"":""http://www.typescriptlang.org/"",""sourceMap"":true,""strict"":false} || project/maprootUrlModuleSimpleSpecifyOutputDirectory.json:{""scenario"":""[Sourcemap]/[Maproot-Url]: outputdir_module_simple: specify outputDirectory"",""inputFiles"":[""test.ts""],""declaration"":true,""mapRoot"":""http://www.typescriptlang.org/"",""outDir"":""outdir/simple"",""sourceMap"":true,""strict"":false} || project/maprootUrlModuleSimpleSpecifyOutputFile.json:{""scenario"":""[Sourcemap]/[Maproot-Url]: outputdir_module_simple: no outdir"",""inputFiles"":[""test.ts""],""declaration"":true,""mapRoot"":""http://www.typescriptlang.org/"",""outFile"":""bin/test.js"",""sourceMap"":true,""strict"":false} || project/maprootUrlsourcerootUrlModuleSimpleNoOutdir.json:{""scenario"":""[Sourcemap]/[Maproot-Url]/[Sourceroot-Url]: outputdir_module_simple: no outdir"",""inputFiles"":[""test.ts""],""declaration"":true,""mapRoot"":""http://www.typescriptlang.org/"",""sourceMap"":true,""sourceRoot"":""http://typescript.codeplex.com/"",""strict"":false} || project/maprootUrlsourcerootUrlModuleSimpleSpecifyOutputDirectory.json:{""scenario"":""[Sourcemap]/[Maproot-Url]/[Sourceroot-Url]: outputdir_module_simple: specify outputDirectory"",""inputFiles"":[""test.ts""],""declaration"":true,""mapRoot"":""http://www.typescriptlang.org/"",""outDir"":""outdir/simple"",""sourceMap"":true,""sourceRoot"":""http://typescript.codeplex.com/"",""strict"":false} || project/maprootUrlsourcerootUrlModuleSimpleSpecifyOutputFile.json:{""scenario"":""[Sourcemap]/[Maproot-Url]/[Sourceroot-Url]: outputdir_module_simple: no outdir"",""inputFiles"":[""test.ts""],""declaration"":true,""mapRoot"":""http://www.typescriptlang.org/"",""outFile"":""bin/test.js"",""sourceMap"":true,""sourceRoot"":""http://typescript.codeplex.com/"",""strict"":false} || project/outModuleSimpleNoOutdir.json:{""scenario"":""outputdir_module_simple: no outdir"",""inputFiles"":[""test.ts""],""declaration"":true,""strict"":false} || project/outModuleSimpleSpecifyOutputDirectory.json:{""scenario"":""outputdir_module_simple: specify outputDirectory"",""inputFiles"":[""test.ts""],""declaration"":true,""outDir"":""outdir/simple"",""strict"":false} || project/outModuleSimpleSpecifyOutputFile.json:{""scenario"":""outputdir_module_simple: specify outputFile"",""inputFiles"":[""test.ts""],""declaration"":true,""outFile"":""bin/test.js"",""strict"":false} || project/sourceRootAbsolutePathModuleSimpleNoOutdir.json:{""scenario"":""[Sourcemap]/[Sourceroot-AbsolutePath]: outputdir_module_simple: no outdir"",""inputFiles"":[""test.ts""],""declaration"":true,""resolveSourceRoot"":true,""sourceMap"":true,""sourceRoot"":""tests/cases/projects/outputdir_module_simple/src"",""strict"":false} || project/sourceRootAbsolutePathModuleSimpleSpecifyOutputDirectory.json:{""scenario"":""[Sourcemap]/[Sourceroot-AbsolutePath]: outputdir_module_simple: specify outputDirectory"",""inputFiles"":[""test.ts""],""declaration"":true,""outDir"":""outdir/simple"",""resolveSourceRoot"":true,""sourceMap"":true,""sourceRoot"":""tests/cases/projects/outputdir_module_simple/src"",""strict"":false} || project/sourceRootAbsolutePathModuleSimpleSpecifyOutputFile.json:{""scenario"":""[Sourcemap]/[Sourceroot-AbsolutePath]: outputdir_module_simple: no outdir"",""inputFiles"":[""test.ts""],""declaration"":true,""outFile"":""bin/test.js"",""resolveSourceRoot"":true,""sourceMap"":true,""sourceRoot"":""tests/cases/projects/outputdir_module_simple/src"",""strict"":false} || project/sourceRootRelativePathModuleSimpleNoOutdir.json:{""scenario"":""[Sourcemap]/[Sourceroot-RelativePath]: outputdir_module_simple: no outdir"",""inputFiles"":[""test.ts""],""declaration"":true,""sourceMap"":true,""sourceRoot"":""../src"",""strict"":false} || project/sourceRootRelativePathModuleSimpleSpecifyOutputDirectory.json:{""scenario"":""[Sourcemap]/[Sourceroot-RelativePath]: outputdir_module_simple: specify outputDirectory"",""inputFiles"":[""test.ts""],""declaration"":true,""outDir"":""outdir/simple"",""sourceMap"":true,""sourceRoot"":""../src"",""strict"":false} || project/sourceRootRelativePathModuleSimpleSpecifyOutputFile.json:{""scenario"":""[Sourcemap]/[Sourceroot-RelativePath]: outputdir_module_simple: no outdir"",""inputFiles"":[""test.ts""],""declaration"":true,""outFile"":""bin/test.js"",""sourceMap"":true,""sourceRoot"":""../src"",""strict"":false} || project/sourcemapModuleSimpleNoOutdir.json:{""scenario"":""[Sourcemap]: outputdir_module_simple: no outdir"",""inputFiles"":[""test.ts""],""declaration"":true,""sourceMap"":true,""strict"":false} || project/sourcemapModuleSimpleSpecifyOutputDirectory.json:{""scenario"":""[Sourcemap]: outputdir_module_simple: specify outputDirectory"",""inputFiles"":[""test.ts""],""declaration"":true,""outDir"":""outdir/simple"",""sourceMap"":true,""strict"":false} || project/sourcemapModuleSimpleSpecifyOutputFile.json:{""scenario"":""[Sourcemap]: outputdir_module_simple: no outdir"",""inputFiles"":[""test.ts""],""declaration"":true,""outFile"":""bin/test.js"",""sourceMap"":true,""strict"":false} || project/sourcerootUrlModuleSimpleNoOutdir.json:{""scenario"":""[Sourcemap]/[Sourceroot-Url]: outputdir_module_simple: no outdir"",""inputFiles"":[""test.ts""],""declaration"":true,""sourceMap"":true,""sourceRoot"":""http://typescript.codeplex.com/"",""strict"":false} || project/sourcerootUrlModuleSimpleSpecifyOutputDirectory.json:{""scenario"":""[Sourcemap]/[Sourceroot-Url]: outputdir_module_simple: specify outputDirectory"",""inputFiles"":[""test.ts""],""declaration"":true,""outDir"":""outdir/simple"",""sourceMap"":true,""sourceRoot"":""http://typescript.codeplex.com/"",""strict"":false} || project/sourcerootUrlModuleSimpleSpecifyOutputFile.json:{""scenario"":""[Sourcemap]/[Sourceroot-Url]: outputdir_module_simple: no outdir"",""inputFiles"":[""test.ts""],""declaration"":true,""outFile"":""bin/test.js"",""sourceMap"":true,""sourceRoot"":""http://typescript.codeplex.com/"",""strict"":false} || checked_in_tsconfig=none"	fixture under a runner project root; exact input selection/options are listed per case	Oracle gap: pinned TS-Go sparse checkout has no project-suite reference baseline for this fixture; runner JSON supplies scenario/options only, and this case has not been independently executed through TS-Go CLI.		mapped to upstream runner case(s); pending focused Rust behavior test and direct oracle check
projects	projects/outputdir_module_simple/test.ts	[Sourcemap]/[Maproot-AbsolutePath]: outputdir_module_simple: no outdir | [Sourcemap]/[Maproot-AbsolutePath]: outputdir_module_simple: specify outputDirectory | [Sourcemap]/[Maproot-RelativePath]: outputdir_module_simple: no outdir | [Sourcemap]/[Maproot-RelativePath]: outputdir_module_simple: specify outputDirectory | [Sourcemap]/[Maproot-Url]: outputdir_module_simple: no outdir | [Sourcemap]/[Maproot-Url]: outputdir_module_simple: specify outputDirectory | [Sourcemap]/[Maproot-Url]/[Sourceroot-Url]: outputdir_module_simple: no outdir | [Sourcemap]/[Maproot-Url]/[Sourceroot-Url]: outputdir_module_simple: specify outputDirectory | outputdir_module_simple: no outdir | outputdir_module_simple: specify outputDirectory | outputdir_module_simple: specify outputFile | [Sourcemap]/[Sourceroot-AbsolutePath]: outputdir_module_simple: no outdir | [Sourcemap]/[Sourceroot-AbsolutePath]: outputdir_module_simple: specify outputDirectory | [Sourcemap]/[Sourceroot-RelativePath]: outputdir_module_simple: no outdir | [Sourcemap]/[Sourceroot-RelativePath]: outputdir_module_simple: specify outputDirectory | [Sourcemap]: outputdir_module_simple: no outdir | [Sourcemap]: outputdir_module_simple: specify outputDirectory | [Sourcemap]/[Sourceroot-Url]: outputdir_module_simple: no outdir | [Sourcemap]/[Sourceroot-Url]: outputdir_module_simple: specify outputDirectory	project/mapRootAbsolutePathModuleSimpleNoOutdir.json;project/mapRootAbsolutePathModuleSimpleSpecifyOutputDirectory.json;project/mapRootAbsolutePathModuleSimpleSpecifyOutputFile.json;project/mapRootRelativePathModuleSimpleNoOutdir.json;project/mapRootRelativePathModuleSimpleSpecifyOutputDirectory.json;project/mapRootRelativePathModuleSimpleSpecifyOutputFile.json;project/maprootUrlModuleSimpleNoOutdir.json;project/maprootUrlModuleSimpleSpecifyOutputDirectory.json;project/maprootUrlModuleSimpleSpecifyOutputFile.json;project/maprootUrlsourcerootUrlModuleSimpleNoOutdir.json;project/maprootUrlsourcerootUrlModuleSimpleSpecifyOutputDirectory.json;project/maprootUrlsourcerootUrlModuleSimpleSpecifyOutputFile.json;project/outModuleSimpleNoOutdir.json;project/outModuleSimpleSpecifyOutputDirectory.json;project/outModuleSimpleSpecifyOutputFile.json;project/sourceRootAbsolutePathModuleSimpleNoOutdir.json;project/sourceRootAbsolutePathModuleSimpleSpecifyOutputDirectory.json;project/sourceRootAbsolutePathModuleSimpleSpecifyOutputFile.json;project/sourceRootRelativePathModuleSimpleNoOutdir.json;project/sourceRootRelativePathModuleSimpleSpecifyOutputDirectory.json;project/sourceRootRelativePathModuleSimpleSpecifyOutputFile.json;project/sourcemapModuleSimpleNoOutdir.json;project/sourcemapModuleSimpleSpecifyOutputDirectory.json;project/sourcemapModuleSimpleSpecifyOutputFile.json;project/sourcerootUrlModuleSimpleNoOutdir.json;project/sourcerootUrlModuleSimpleSpecifyOutputDirectory.json;project/sourcerootUrlModuleSimpleSpecifyOutputFile.json	"runner=project/mapRootAbsolutePathModuleSimpleNoOutdir.json:{""scenario"":""[Sourcemap]/[Maproot-AbsolutePath]: outputdir_module_simple: no outdir"",""inputFiles"":[""test.ts""],""declaration"":true,""mapRoot"":""tests/cases/projects/outputdir_module_simple/mapFiles"",""resolveMapRoot"":true,""sourceMap"":true,""strict"":false} || project/mapRootAbsolutePathModuleSimpleSpecifyOutputDirectory.json:{""scenario"":""[Sourcemap]/[Maproot-AbsolutePath]: outputdir_module_simple: specify outputDirectory"",""inputFiles"":[""test.ts""],""declaration"":true,""mapRoot"":""tests/cases/projects/outputdir_module_simple/mapFiles"",""outDir"":""outdir/simple"",""resolveMapRoot"":true,""sourceMap"":true,""strict"":false} || project/mapRootAbsolutePathModuleSimpleSpecifyOutputFile.json:{""scenario"":""[Sourcemap]/[Maproot-AbsolutePath]: outputdir_module_simple: no outdir"",""inputFiles"":[""test.ts""],""declaration"":true,""mapRoot"":""tests/cases/projects/outputdir_module_simple/mapFiles"",""outFile"":""bin/test.js"",""resolveMapRoot"":true,""sourceMap"":true,""strict"":false} || project/mapRootRelativePathModuleSimpleNoOutdir.json:{""scenario"":""[Sourcemap]/[Maproot-RelativePath]: outputdir_module_simple: no outdir"",""inputFiles"":[""test.ts""],""declaration"":true,""mapRoot"":""../mapFiles"",""sourceMap"":true,""strict"":false} || project/mapRootRelativePathModuleSimpleSpecifyOutputDirectory.json:{""scenario"":""[Sourcemap]/[Maproot-RelativePath]: outputdir_module_simple: specify outputDirectory"",""inputFiles"":[""test.ts""],""declaration"":true,""mapRoot"":""../mapFiles"",""outDir"":""outdir/simple"",""sourceMap"":true,""strict"":false} || project/mapRootRelativePathModuleSimpleSpecifyOutputFile.json:{""scenario"":""[Sourcemap]/[Maproot-RelativePath]: outputdir_module_simple: no outdir"",""inputFiles"":[""test.ts""],""declaration"":true,""mapRoot"":""../mapFiles"",""outFile"":""bin/test.js"",""sourceMap"":true,""strict"":false} || project/maprootUrlModuleSimpleNoOutdir.json:{""scenario"":""[Sourcemap]/[Maproot-Url]: outputdir_module_simple: no outdir"",""inputFiles"":[""test.ts""],""declaration"":true,""mapRoot"":""http://www.typescriptlang.org/"",""sourceMap"":true,""strict"":false} || project/maprootUrlModuleSimpleSpecifyOutputDirectory.json:{""scenario"":""[Sourcemap]/[Maproot-Url]: outputdir_module_simple: specify outputDirectory"",""inputFiles"":[""test.ts""],""declaration"":true,""mapRoot"":""http://www.typescriptlang.org/"",""outDir"":""outdir/simple"",""sourceMap"":true,""strict"":false} || project/maprootUrlModuleSimpleSpecifyOutputFile.json:{""scenario"":""[Sourcemap]/[Maproot-Url]: outputdir_module_simple: no outdir"",""inputFiles"":[""test.ts""],""declaration"":true,""mapRoot"":""http://www.typescriptlang.org/"",""outFile"":""bin/test.js"",""sourceMap"":true,""strict"":false} || project/maprootUrlsourcerootUrlModuleSimpleNoOutdir.json:{""scenario"":""[Sourcemap]/[Maproot-Url]/[Sourceroot-Url]: outputdir_module_simple: no outdir"",""inputFiles"":[""test.ts""],""declaration"":true,""mapRoot"":""http://www.typescriptlang.org/"",""sourceMap"":true,""sourceRoot"":""http://typescript.codeplex.com/"",""strict"":false} || project/maprootUrlsourcerootUrlModuleSimpleSpecifyOutputDirectory.json:{""scenario"":""[Sourcemap]/[Maproot-Url]/[Sourceroot-Url]: outputdir_module_simple: specify outputDirectory"",""inputFiles"":[""test.ts""],""declaration"":true,""mapRoot"":""http://www.typescriptlang.org/"",""outDir"":""outdir/simple"",""sourceMap"":true,""sourceRoot"":""http://typescript.codeplex.com/"",""strict"":false} || project/maprootUrlsourcerootUrlModuleSimpleSpecifyOutputFile.json:{""scenario"":""[Sourcemap]/[Maproot-Url]/[Sourceroot-Url]: outputdir_module_simple: no outdir"",""inputFiles"":[""test.ts""],""declaration"":true,""mapRoot"":""http://www.typescriptlang.org/"",""outFile"":""bin/test.js"",""sourceMap"":true,""sourceRoot"":""http://typescript.codeplex.com/"",""strict"":false} || project/outModuleSimpleNoOutdir.json:{""scenario"":""outputdir_module_simple: no outdir"",""inputFiles"":[""test.ts""],""declaration"":true,""strict"":false} || project/outModuleSimpleSpecifyOutputDirectory.json:{""scenario"":""outputdir_module_simple: specify outputDirectory"",""inputFiles"":[""test.ts""],""declaration"":true,""outDir"":""outdir/simple"",""strict"":false} || project/outModuleSimpleSpecifyOutputFile.json:{""scenario"":""outputdir_module_simple: specify outputFile"",""inputFiles"":[""test.ts""],""declaration"":true,""outFile"":""bin/test.js"",""strict"":false} || project/sourceRootAbsolutePathModuleSimpleNoOutdir.json:{""scenario"":""[Sourcemap]/[Sourceroot-AbsolutePath]: outputdir_module_simple: no outdir"",""inputFiles"":[""test.ts""],""declaration"":true,""resolveSourceRoot"":true,""sourceMap"":true,""sourceRoot"":""tests/cases/projects/outputdir_module_simple/src"",""strict"":false} || project/sourceRootAbsolutePathModuleSimpleSpecifyOutputDirectory.json:{""scenario"":""[Sourcemap]/[Sourceroot-AbsolutePath]: outputdir_module_simple: specify outputDirectory"",""inputFiles"":[""test.ts""],""declaration"":true,""outDir"":""outdir/simple"",""resolveSourceRoot"":true,""sourceMap"":true,""sourceRoot"":""tests/cases/projects/outputdir_module_simple/src"",""strict"":false} || project/sourceRootAbsolutePathModuleSimpleSpecifyOutputFile.json:{""scenario"":""[Sourcemap]/[Sourceroot-AbsolutePath]: outputdir_module_simple: no outdir"",""inputFiles"":[""test.ts""],""declaration"":true,""outFile"":""bin/test.js"",""resolveSourceRoot"":true,""sourceMap"":true,""sourceRoot"":""tests/cases/projects/outputdir_module_simple/src"",""strict"":false} || project/sourceRootRelativePathModuleSimpleNoOutdir.json:{""scenario"":""[Sourcemap]/[Sourceroot-RelativePath]: outputdir_module_simple: no outdir"",""inputFiles"":[""test.ts""],""declaration"":true,""sourceMap"":true,""sourceRoot"":""../src"",""strict"":false} || project/sourceRootRelativePathModuleSimpleSpecifyOutputDirectory.json:{""scenario"":""[Sourcemap]/[Sourceroot-RelativePath]: outputdir_module_simple: specify outputDirectory"",""inputFiles"":[""test.ts""],""declaration"":true,""outDir"":""outdir/simple"",""sourceMap"":true,""sourceRoot"":""../src"",""strict"":false} || project/sourceRootRelativePathModuleSimpleSpecifyOutputFile.json:{""scenario"":""[Sourcemap]/[Sourceroot-RelativePath]: outputdir_module_simple: no outdir"",""inputFiles"":[""test.ts""],""declaration"":true,""outFile"":""bin/test.js"",""sourceMap"":true,""sourceRoot"":""../src"",""strict"":false} || project/sourcemapModuleSimpleNoOutdir.json:{""scenario"":""[Sourcemap]: outputdir_module_simple: no outdir"",""inputFiles"":[""test.ts""],""declaration"":true,""sourceMap"":true,""strict"":false} || project/sourcemapModuleSimpleSpecifyOutputDirectory.json:{""scenario"":""[Sourcemap]: outputdir_module_simple: specify outputDirectory"",""inputFiles"":[""test.ts""],""declaration"":true,""outDir"":""outdir/simple"",""sourceMap"":true,""strict"":false} || project/sourcemapModuleSimpleSpecifyOutputFile.json:{""scenario"":""[Sourcemap]: outputdir_module_simple: no outdir"",""inputFiles"":[""test.ts""],""declaration"":true,""outFile"":""bin/test.js"",""sourceMap"":true,""strict"":false} || project/sourcerootUrlModuleSimpleNoOutdir.json:{""scenario"":""[Sourcemap]/[Sourceroot-Url]: outputdir_module_simple: no outdir"",""inputFiles"":[""test.ts""],""declaration"":true,""sourceMap"":true,""sourceRoot"":""http://typescript.codeplex.com/"",""strict"":false} || project/sourcerootUrlModuleSimpleSpecifyOutputDirectory.json:{""scenario"":""[Sourcemap]/[Sourceroot-Url]: outputdir_module_simple: specify outputDirectory"",""inputFiles"":[""test.ts""],""declaration"":true,""outDir"":""outdir/simple"",""sourceMap"":true,""sourceRoot"":""http://typescript.codeplex.com/"",""strict"":false} || project/sourcerootUrlModuleSimpleSpecifyOutputFile.json:{""scenario"":""[Sourcemap]/[Sourceroot-Url]: outputdir_module_simple: no outdir"",""inputFiles"":[""test.ts""],""declaration"":true,""outFile"":""bin/test.js"",""sourceMap"":true,""sourceRoot"":""http://typescript.codeplex.com/"",""strict"":false} || checked_in_tsconfig=none"	explicit runner input or project input	TS-Go 7.0.2 parses import-equals syntax, then reports TS1202 and TS2307 for this default ESM project configuration.	should_parse_import_assignment_given_require_import_when_building_syntax_tree	oracle-verified; mapped to focused red Rust parser test
projects	projects/outputdir_module_subfolder/ref/m1.ts	[Sourcemap]/[Maproot-AbsolutePath]: outputdir_module_subfolder: no outdir | [Sourcemap]/[Maproot-AbsolutePath]: outputdir_module_subfolder: specify outputDirectory | [Sourcemap]/[Maproot-RelativePath]: outputdir_module_subfolder: no outdir | [Sourcemap]/[Maproot-RelativePath]: outputdir_module_subfolder: specify outputDirectory | [Sourcemap]/[Maproot-Url]: outputdir_module_subfolder: no outdir | [Sourcemap]/[Maproot-Url]: outputdir_module_subfolder: specify outputDirectory | [Sourcemap]/[Maproot-Url]/[Sourceroot-Url]: outputdir_module_subfolder: no outdir | [Sourcemap]/[Maproot-Url]/[Sourceroot-Url]: outputdir_module_subfolder: specify outputDirectory | outputdir_module_subfolder: no outdir | outputdir_module_subfolder: specify outputDirectory | outputdir_module_subfolder: specify outputFile | [Sourcemap]/[Sourceroot-AbsolutePath]: outputdir_module_subfolder: no outdir | [Sourcemap]/[Sourceroot-AbsolutePath]: outputdir_module_subfolder: specify outputDirectory | [Sourcemap]/[Sourceroot-RelativePath]: outputdir_module_subfolder: no outdir | [Sourcemap]/[Sourceroot-RelativePath]: outputdir_module_subfolder: specify outputDirectory | [Sourcemap]: outputdir_module_subfolder: no outdir | [Sourcemap]: outputdir_module_subfolder: specify outputDirectory | [Sourcemap]/[Sourceroot-Url]: outputdir_module_subfolder: no outdir | [Sourcemap]/[Sourceroot-Url]: outputdir_module_subfolder: specify outputDirectory	project/mapRootAbsolutePathModuleSubfolderNoOutdir.json;project/mapRootAbsolutePathModuleSubfolderSpecifyOutputDirectory.json;project/mapRootAbsolutePathModuleSubfolderSpecifyOutputFile.json;project/mapRootRelativePathModuleSubfolderNoOutdir.json;project/mapRootRelativePathModuleSubfolderSpecifyOutputDirectory.json;project/mapRootRelativePathModuleSubfolderSpecifyOutputFile.json;project/maprootUrlModuleSubfolderNoOutdir.json;project/maprootUrlModuleSubfolderSpecifyOutputDirectory.json;project/maprootUrlModuleSubfolderSpecifyOutputFile.json;project/maprootUrlsourcerootUrlModuleSubfolderNoOutdir.json;project/maprootUrlsourcerootUrlModuleSubfolderSpecifyOutputDirectory.json;project/maprootUrlsourcerootUrlModuleSubfolderSpecifyOutputFile.json;project/outModuleSubfolderNoOutdir.json;project/outModuleSubfolderSpecifyOutputDirectory.json;project/outModuleSubfolderSpecifyOutputFile.json;project/sourceRootAbsolutePathModuleSubfolderNoOutdir.json;project/sourceRootAbsolutePathModuleSubfolderSpecifyOutputDirectory.json;project/sourceRootAbsolutePathModuleSubfolderSpecifyOutputFile.json;project/sourceRootRelativePathModuleSubfolderNoOutdir.json;project/sourceRootRelativePathModuleSubfolderSpecifyOutputDirectory.json;project/sourceRootRelativePathModuleSubfolderSpecifyOutputFile.json;project/sourcemapModuleSubfolderNoOutdir.json;project/sourcemapModuleSubfolderSpecifyOutputDirectory.json;project/sourcemapModuleSubfolderSpecifyOutputFile.json;project/sourcerootUrlModuleSubfolderNoOutdir.json;project/sourcerootUrlModuleSubfolderSpecifyOutputDirectory.json;project/sourcerootUrlModuleSubfolderSpecifyOutputFile.json	"runner=project/mapRootAbsolutePathModuleSubfolderNoOutdir.json:{""scenario"":""[Sourcemap]/[Maproot-AbsolutePath]: outputdir_module_subfolder: no outdir"",""inputFiles"":[""test.ts""],""declaration"":true,""mapRoot"":""tests/cases/projects/outputdir_module_subfolder/mapFiles"",""resolveMapRoot"":true,""sourceMap"":true,""strict"":false} || project/mapRootAbsolutePathModuleSubfolderSpecifyOutputDirectory.json:{""scenario"":""[Sourcemap]/[Maproot-AbsolutePath]: outputdir_module_subfolder: specify outputDirectory"",""inputFiles"":[""test.ts""],""declaration"":true,""mapRoot"":""tests/cases/projects/outputdir_module_subfolder/mapFiles"",""outDir"":""outdir/simple"",""resolveMapRoot"":true,""sourceMap"":true,""strict"":false} || project/mapRootAbsolutePathModuleSubfolderSpecifyOutputFile.json:{""scenario"":""[Sourcemap]/[Maproot-AbsolutePath]: outputdir_module_subfolder: no outdir"",""inputFiles"":[""test.ts""],""declaration"":true,""mapRoot"":""tests/cases/projects/outputdir_module_subfolder/mapFiles"",""outFile"":""bin/test.js"",""resolveMapRoot"":true,""sourceMap"":true,""strict"":false} || project/mapRootRelativePathModuleSubfolderNoOutdir.json:{""scenario"":""[Sourcemap]/[Maproot-RelativePath]: outputdir_module_subfolder: no outdir"",""inputFiles"":[""test.ts""],""declaration"":true,""mapRoot"":""../mapFiles"",""sourceMap"":true,""strict"":false} || project/mapRootRelativePathModuleSubfolderSpecifyOutputDirectory.json:{""scenario"":""[Sourcemap]/[Maproot-RelativePath]: outputdir_module_subfolder: specify outputDirectory"",""inputFiles"":[""test.ts""],""declaration"":true,""mapRoot"":""../mapFiles"",""outDir"":""outdir/simple"",""sourceMap"":true,""strict"":false} || project/mapRootRelativePathModuleSubfolderSpecifyOutputFile.json:{""scenario"":""[Sourcemap]/[Maproot-RelativePath]: outputdir_module_subfolder: no outdir"",""inputFiles"":[""test.ts""],""declaration"":true,""mapRoot"":""../mapFiles"",""outFile"":""bin/test.js"",""sourceMap"":true,""strict"":false} || project/maprootUrlModuleSubfolderNoOutdir.json:{""scenario"":""[Sourcemap]/[Maproot-Url]: outputdir_module_subfolder: no outdir"",""inputFiles"":[""test.ts""],""declaration"":true,""mapRoot"":""http://www.typescriptlang.org/"",""sourceMap"":true,""strict"":false} || project/maprootUrlModuleSubfolderSpecifyOutputDirectory.json:{""scenario"":""[Sourcemap]/[Maproot-Url]: outputdir_module_subfolder: specify outputDirectory"",""inputFiles"":[""test.ts""],""declaration"":true,""mapRoot"":""http://www.typescriptlang.org/"",""outDir"":""outdir/simple"",""sourceMap"":true,""strict"":false} || project/maprootUrlModuleSubfolderSpecifyOutputFile.json:{""scenario"":""[Sourcemap]/[Maproot-Url]: outputdir_module_subfolder: no outdir"",""inputFiles"":[""test.ts""],""declaration"":true,""mapRoot"":""http://www.typescriptlang.org/"",""outFile"":""bin/test.js"",""sourceMap"":true,""strict"":false} || project/maprootUrlsourcerootUrlModuleSubfolderNoOutdir.json:{""scenario"":""[Sourcemap]/[Maproot-Url]/[Sourceroot-Url]: outputdir_module_subfolder: no outdir"",""inputFiles"":[""test.ts""],""declaration"":true,""mapRoot"":""http://www.typescriptlang.org/"",""sourceMap"":true,""sourceRoot"":""http://typescript.codeplex.com/"",""strict"":false} || project/maprootUrlsourcerootUrlModuleSubfolderSpecifyOutputDirectory.json:{""scenario"":""[Sourcemap]/[Maproot-Url]/[Sourceroot-Url]: outputdir_module_subfolder: specify outputDirectory"",""inputFiles"":[""test.ts""],""declaration"":true,""mapRoot"":""http://www.typescriptlang.org/"",""outDir"":""outdir/simple"",""sourceMap"":true,""sourceRoot"":""http://typescript.codeplex.com/"",""strict"":false} || project/maprootUrlsourcerootUrlModuleSubfolderSpecifyOutputFile.json:{""scenario"":""[Sourcemap]/[Maproot-Url]/[Sourceroot-Url]: outputdir_module_subfolder: no outdir"",""inputFiles"":[""test.ts""],""declaration"":true,""mapRoot"":""http://www.typescriptlang.org/"",""outFile"":""bin/test.js"",""sourceMap"":true,""sourceRoot"":""http://typescript.codeplex.com/"",""strict"":false} || project/outModuleSubfolderNoOutdir.json:{""scenario"":""outputdir_module_subfolder: no outdir"",""inputFiles"":[""test.ts""],""declaration"":true,""strict"":false} || project/outModuleSubfolderSpecifyOutputDirectory.json:{""scenario"":""outputdir_module_subfolder: specify outputDirectory"",""inputFiles"":[""test.ts""],""declaration"":true,""outDir"":""outdir/simple"",""strict"":false} || project/outModuleSubfolderSpecifyOutputFile.json:{""scenario"":""outputdir_module_subfolder: specify outputFile"",""inputFiles"":[""test.ts""],""declaration"":true,""outFile"":""bin/test.js"",""strict"":false} || project/sourceRootAbsolutePathModuleSubfolderNoOutdir.json:{""scenario"":""[Sourcemap]/[Sourceroot-AbsolutePath]: outputdir_module_subfolder: no outdir"",""inputFiles"":[""test.ts""],""declaration"":true,""resolveSourceRoot"":true,""sourceMap"":true,""sourceRoot"":""tests/cases/projects/outputdir_module_subfolder/src"",""strict"":false} || project/sourceRootAbsolutePathModuleSubfolderSpecifyOutputDirectory.json:{""scenario"":""[Sourcemap]/[Sourceroot-AbsolutePath]: outputdir_module_subfolder: specify outputDirectory"",""inputFiles"":[""test.ts""],""declaration"":true,""outDir"":""outdir/simple"",""resolveSourceRoot"":true,""sourceMap"":true,""sourceRoot"":""tests/cases/projects/outputdir_module_subfolder/src"",""strict"":false} || project/sourceRootAbsolutePathModuleSubfolderSpecifyOutputFile.json:{""scenario"":""[Sourcemap]/[Sourceroot-AbsolutePath]: outputdir_module_subfolder: no outdir"",""inputFiles"":[""test.ts""],""declaration"":true,""outFile"":""bin/test.js"",""resolveSourceRoot"":true,""sourceMap"":true,""sourceRoot"":""tests/cases/projects/outputdir_module_subfolder/src"",""strict"":false} || project/sourceRootRelativePathModuleSubfolderNoOutdir.json:{""scenario"":""[Sourcemap]/[Sourceroot-RelativePath]: outputdir_module_subfolder: no outdir"",""inputFiles"":[""test.ts""],""declaration"":true,""sourceMap"":true,""sourceRoot"":""../src"",""strict"":false} || project/sourceRootRelativePathModuleSubfolderSpecifyOutputDirectory.json:{""scenario"":""[Sourcemap]/[Sourceroot-RelativePath]: outputdir_module_subfolder: specify outputDirectory"",""inputFiles"":[""test.ts""],""declaration"":true,""outDir"":""outdir/simple"",""sourceMap"":true,""sourceRoot"":""../src"",""strict"":false} || project/sourceRootRelativePathModuleSubfolderSpecifyOutputFile.json:{""scenario"":""[Sourcemap]/[Sourceroot-RelativePath]: outputdir_module_subfolder: no outdir"",""inputFiles"":[""test.ts""],""declaration"":true,""outFile"":""bin/test.js"",""sourceMap"":true,""sourceRoot"":""../src"",""strict"":false} || project/sourcemapModuleSubfolderNoOutdir.json:{""scenario"":""[Sourcemap]: outputdir_module_subfolder: no outdir"",""inputFiles"":[""test.ts""],""declaration"":true,""sourceMap"":true,""strict"":false} || project/sourcemapModuleSubfolderSpecifyOutputDirectory.json:{""scenario"":""[Sourcemap]: outputdir_module_subfolder: specify outputDirectory"",""inputFiles"":[""test.ts""],""declaration"":true,""outDir"":""outdir/simple"",""sourceMap"":true,""strict"":false} || project/sourcemapModuleSubfolderSpecifyOutputFile.json:{""scenario"":""[Sourcemap]: outputdir_module_subfolder: no outdir"",""inputFiles"":[""test.ts""],""declaration"":true,""outFile"":""bin/test.js"",""sourceMap"":true,""strict"":false} || project/sourcerootUrlModuleSubfolderNoOutdir.json:{""scenario"":""[Sourcemap]/[Sourceroot-Url]: outputdir_module_subfolder: no outdir"",""inputFiles"":[""test.ts""],""declaration"":true,""sourceMap"":true,""sourceRoot"":""http://typescript.codeplex.com/"",""strict"":false} || project/sourcerootUrlModuleSubfolderSpecifyOutputDirectory.json:{""scenario"":""[Sourcemap]/[Sourceroot-Url]: outputdir_module_subfolder: specify outputDirectory"",""inputFiles"":[""test.ts""],""declaration"":true,""outDir"":""outdir/simple"",""sourceMap"":true,""sourceRoot"":""http://typescript.codeplex.com/"",""strict"":false} || project/sourcerootUrlModuleSubfolderSpecifyOutputFile.json:{""scenario"":""[Sourcemap]/[Sourceroot-Url]: outputdir_module_subfolder: no outdir"",""inputFiles"":[""test.ts""],""declaration"":true,""outFile"":""bin/test.js"",""sourceMap"":true,""sourceRoot"":""http://typescript.codeplex.com/"",""strict"":false} || checked_in_tsconfig=none"	fixture under a runner project root; exact input selection/options are listed per case	Oracle gap: pinned TS-Go sparse checkout has no project-suite reference baseline for this fixture; runner JSON supplies scenario/options only, and this case has not been independently executed through TS-Go CLI.		mapped to upstream runner case(s); pending focused Rust behavior test and direct oracle check
projects	projects/outputdir_module_subfolder/test.ts	[Sourcemap]/[Maproot-AbsolutePath]: outputdir_module_subfolder: no outdir | [Sourcemap]/[Maproot-AbsolutePath]: outputdir_module_subfolder: specify outputDirectory | [Sourcemap]/[Maproot-RelativePath]: outputdir_module_subfolder: no outdir | [Sourcemap]/[Maproot-RelativePath]: outputdir_module_subfolder: specify outputDirectory | [Sourcemap]/[Maproot-Url]: outputdir_module_subfolder: no outdir | [Sourcemap]/[Maproot-Url]: outputdir_module_subfolder: specify outputDirectory | [Sourcemap]/[Maproot-Url]/[Sourceroot-Url]: outputdir_module_subfolder: no outdir | [Sourcemap]/[Maproot-Url]/[Sourceroot-Url]: outputdir_module_subfolder: specify outputDirectory | outputdir_module_subfolder: no outdir | outputdir_module_subfolder: specify outputDirectory | outputdir_module_subfolder: specify outputFile | [Sourcemap]/[Sourceroot-AbsolutePath]: outputdir_module_subfolder: no outdir | [Sourcemap]/[Sourceroot-AbsolutePath]: outputdir_module_subfolder: specify outputDirectory | [Sourcemap]/[Sourceroot-RelativePath]: outputdir_module_subfolder: no outdir | [Sourcemap]/[Sourceroot-RelativePath]: outputdir_module_subfolder: specify outputDirectory | [Sourcemap]: outputdir_module_subfolder: no outdir | [Sourcemap]: outputdir_module_subfolder: specify outputDirectory | [Sourcemap]/[Sourceroot-Url]: outputdir_module_subfolder: no outdir | [Sourcemap]/[Sourceroot-Url]: outputdir_module_subfolder: specify outputDirectory	project/mapRootAbsolutePathModuleSubfolderNoOutdir.json;project/mapRootAbsolutePathModuleSubfolderSpecifyOutputDirectory.json;project/mapRootAbsolutePathModuleSubfolderSpecifyOutputFile.json;project/mapRootRelativePathModuleSubfolderNoOutdir.json;project/mapRootRelativePathModuleSubfolderSpecifyOutputDirectory.json;project/mapRootRelativePathModuleSubfolderSpecifyOutputFile.json;project/maprootUrlModuleSubfolderNoOutdir.json;project/maprootUrlModuleSubfolderSpecifyOutputDirectory.json;project/maprootUrlModuleSubfolderSpecifyOutputFile.json;project/maprootUrlsourcerootUrlModuleSubfolderNoOutdir.json;project/maprootUrlsourcerootUrlModuleSubfolderSpecifyOutputDirectory.json;project/maprootUrlsourcerootUrlModuleSubfolderSpecifyOutputFile.json;project/outModuleSubfolderNoOutdir.json;project/outModuleSubfolderSpecifyOutputDirectory.json;project/outModuleSubfolderSpecifyOutputFile.json;project/sourceRootAbsolutePathModuleSubfolderNoOutdir.json;project/sourceRootAbsolutePathModuleSubfolderSpecifyOutputDirectory.json;project/sourceRootAbsolutePathModuleSubfolderSpecifyOutputFile.json;project/sourceRootRelativePathModuleSubfolderNoOutdir.json;project/sourceRootRelativePathModuleSubfolderSpecifyOutputDirectory.json;project/sourceRootRelativePathModuleSubfolderSpecifyOutputFile.json;project/sourcemapModuleSubfolderNoOutdir.json;project/sourcemapModuleSubfolderSpecifyOutputDirectory.json;project/sourcemapModuleSubfolderSpecifyOutputFile.json;project/sourcerootUrlModuleSubfolderNoOutdir.json;project/sourcerootUrlModuleSubfolderSpecifyOutputDirectory.json;project/sourcerootUrlModuleSubfolderSpecifyOutputFile.json	"runner=project/mapRootAbsolutePathModuleSubfolderNoOutdir.json:{""scenario"":""[Sourcemap]/[Maproot-AbsolutePath]: outputdir_module_subfolder: no outdir"",""inputFiles"":[""test.ts""],""declaration"":true,""mapRoot"":""tests/cases/projects/outputdir_module_subfolder/mapFiles"",""resolveMapRoot"":true,""sourceMap"":true,""strict"":false} || project/mapRootAbsolutePathModuleSubfolderSpecifyOutputDirectory.json:{""scenario"":""[Sourcemap]/[Maproot-AbsolutePath]: outputdir_module_subfolder: specify outputDirectory"",""inputFiles"":[""test.ts""],""declaration"":true,""mapRoot"":""tests/cases/projects/outputdir_module_subfolder/mapFiles"",""outDir"":""outdir/simple"",""resolveMapRoot"":true,""sourceMap"":true,""strict"":false} || project/mapRootAbsolutePathModuleSubfolderSpecifyOutputFile.json:{""scenario"":""[Sourcemap]/[Maproot-AbsolutePath]: outputdir_module_subfolder: no outdir"",""inputFiles"":[""test.ts""],""declaration"":true,""mapRoot"":""tests/cases/projects/outputdir_module_subfolder/mapFiles"",""outFile"":""bin/test.js"",""resolveMapRoot"":true,""sourceMap"":true,""strict"":false} || project/mapRootRelativePathModuleSubfolderNoOutdir.json:{""scenario"":""[Sourcemap]/[Maproot-RelativePath]: outputdir_module_subfolder: no outdir"",""inputFiles"":[""test.ts""],""declaration"":true,""mapRoot"":""../mapFiles"",""sourceMap"":true,""strict"":false} || project/mapRootRelativePathModuleSubfolderSpecifyOutputDirectory.json:{""scenario"":""[Sourcemap]/[Maproot-RelativePath]: outputdir_module_subfolder: specify outputDirectory"",""inputFiles"":[""test.ts""],""declaration"":true,""mapRoot"":""../mapFiles"",""outDir"":""outdir/simple"",""sourceMap"":true,""strict"":false} || project/mapRootRelativePathModuleSubfolderSpecifyOutputFile.json:{""scenario"":""[Sourcemap]/[Maproot-RelativePath]: outputdir_module_subfolder: no outdir"",""inputFiles"":[""test.ts""],""declaration"":true,""mapRoot"":""../mapFiles"",""outFile"":""bin/test.js"",""sourceMap"":true,""strict"":false} || project/maprootUrlModuleSubfolderNoOutdir.json:{""scenario"":""[Sourcemap]/[Maproot-Url]: outputdir_module_subfolder: no outdir"",""inputFiles"":[""test.ts""],""declaration"":true,""mapRoot"":""http://www.typescriptlang.org/"",""sourceMap"":true,""strict"":false} || project/maprootUrlModuleSubfolderSpecifyOutputDirectory.json:{""scenario"":""[Sourcemap]/[Maproot-Url]: outputdir_module_subfolder: specify outputDirectory"",""inputFiles"":[""test.ts""],""declaration"":true,""mapRoot"":""http://www.typescriptlang.org/"",""outDir"":""outdir/simple"",""sourceMap"":true,""strict"":false} || project/maprootUrlModuleSubfolderSpecifyOutputFile.json:{""scenario"":""[Sourcemap]/[Maproot-Url]: outputdir_module_subfolder: no outdir"",""inputFiles"":[""test.ts""],""declaration"":true,""mapRoot"":""http://www.typescriptlang.org/"",""outFile"":""bin/test.js"",""sourceMap"":true,""strict"":false} || project/maprootUrlsourcerootUrlModuleSubfolderNoOutdir.json:{""scenario"":""[Sourcemap]/[Maproot-Url]/[Sourceroot-Url]: outputdir_module_subfolder: no outdir"",""inputFiles"":[""test.ts""],""declaration"":true,""mapRoot"":""http://www.typescriptlang.org/"",""sourceMap"":true,""sourceRoot"":""http://typescript.codeplex.com/"",""strict"":false} || project/maprootUrlsourcerootUrlModuleSubfolderSpecifyOutputDirectory.json:{""scenario"":""[Sourcemap]/[Maproot-Url]/[Sourceroot-Url]: outputdir_module_subfolder: specify outputDirectory"",""inputFiles"":[""test.ts""],""declaration"":true,""mapRoot"":""http://www.typescriptlang.org/"",""outDir"":""outdir/simple"",""sourceMap"":true,""sourceRoot"":""http://typescript.codeplex.com/"",""strict"":false} || project/maprootUrlsourcerootUrlModuleSubfolderSpecifyOutputFile.json:{""scenario"":""[Sourcemap]/[Maproot-Url]/[Sourceroot-Url]: outputdir_module_subfolder: no outdir"",""inputFiles"":[""test.ts""],""declaration"":true,""mapRoot"":""http://www.typescriptlang.org/"",""outFile"":""bin/test.js"",""sourceMap"":true,""sourceRoot"":""http://typescript.codeplex.com/"",""strict"":false} || project/outModuleSubfolderNoOutdir.json:{""scenario"":""outputdir_module_subfolder: no outdir"",""inputFiles"":[""test.ts""],""declaration"":true,""strict"":false} || project/outModuleSubfolderSpecifyOutputDirectory.json:{""scenario"":""outputdir_module_subfolder: specify outputDirectory"",""inputFiles"":[""test.ts""],""declaration"":true,""outDir"":""outdir/simple"",""strict"":false} || project/outModuleSubfolderSpecifyOutputFile.json:{""scenario"":""outputdir_module_subfolder: specify outputFile"",""inputFiles"":[""test.ts""],""declaration"":true,""outFile"":""bin/test.js"",""strict"":false} || project/sourceRootAbsolutePathModuleSubfolderNoOutdir.json:{""scenario"":""[Sourcemap]/[Sourceroot-AbsolutePath]: outputdir_module_subfolder: no outdir"",""inputFiles"":[""test.ts""],""declaration"":true,""resolveSourceRoot"":true,""sourceMap"":true,""sourceRoot"":""tests/cases/projects/outputdir_module_subfolder/src"",""strict"":false} || project/sourceRootAbsolutePathModuleSubfolderSpecifyOutputDirectory.json:{""scenario"":""[Sourcemap]/[Sourceroot-AbsolutePath]: outputdir_module_subfolder: specify outputDirectory"",""inputFiles"":[""test.ts""],""declaration"":true,""outDir"":""outdir/simple"",""resolveSourceRoot"":true,""sourceMap"":true,""sourceRoot"":""tests/cases/projects/outputdir_module_subfolder/src"",""strict"":false} || project/sourceRootAbsolutePathModuleSubfolderSpecifyOutputFile.json:{""scenario"":""[Sourcemap]/[Sourceroot-AbsolutePath]: outputdir_module_subfolder: no outdir"",""inputFiles"":[""test.ts""],""declaration"":true,""outFile"":""bin/test.js"",""resolveSourceRoot"":true,""sourceMap"":true,""sourceRoot"":""tests/cases/projects/outputdir_module_subfolder/src"",""strict"":false} || project/sourceRootRelativePathModuleSubfolderNoOutdir.json:{""scenario"":""[Sourcemap]/[Sourceroot-RelativePath]: outputdir_module_subfolder: no outdir"",""inputFiles"":[""test.ts""],""declaration"":true,""sourceMap"":true,""sourceRoot"":""../src"",""strict"":false} || project/sourceRootRelativePathModuleSubfolderSpecifyOutputDirectory.json:{""scenario"":""[Sourcemap]/[Sourceroot-RelativePath]: outputdir_module_subfolder: specify outputDirectory"",""inputFiles"":[""test.ts""],""declaration"":true,""outDir"":""outdir/simple"",""sourceMap"":true,""sourceRoot"":""../src"",""strict"":false} || project/sourceRootRelativePathModuleSubfolderSpecifyOutputFile.json:{""scenario"":""[Sourcemap]/[Sourceroot-RelativePath]: outputdir_module_subfolder: no outdir"",""inputFiles"":[""test.ts""],""declaration"":true,""outFile"":""bin/test.js"",""sourceMap"":true,""sourceRoot"":""../src"",""strict"":false} || project/sourcemapModuleSubfolderNoOutdir.json:{""scenario"":""[Sourcemap]: outputdir_module_subfolder: no outdir"",""inputFiles"":[""test.ts""],""declaration"":true,""sourceMap"":true,""strict"":false} || project/sourcemapModuleSubfolderSpecifyOutputDirectory.json:{""scenario"":""[Sourcemap]: outputdir_module_subfolder: specify outputDirectory"",""inputFiles"":[""test.ts""],""declaration"":true,""outDir"":""outdir/simple"",""sourceMap"":true,""strict"":false} || project/sourcemapModuleSubfolderSpecifyOutputFile.json:{""scenario"":""[Sourcemap]: outputdir_module_subfolder: no outdir"",""inputFiles"":[""test.ts""],""declaration"":true,""outFile"":""bin/test.js"",""sourceMap"":true,""strict"":false} || project/sourcerootUrlModuleSubfolderNoOutdir.json:{""scenario"":""[Sourcemap]/[Sourceroot-Url]: outputdir_module_subfolder: no outdir"",""inputFiles"":[""test.ts""],""declaration"":true,""sourceMap"":true,""sourceRoot"":""http://typescript.codeplex.com/"",""strict"":false} || project/sourcerootUrlModuleSubfolderSpecifyOutputDirectory.json:{""scenario"":""[Sourcemap]/[Sourceroot-Url]: outputdir_module_subfolder: specify outputDirectory"",""inputFiles"":[""test.ts""],""declaration"":true,""outDir"":""outdir/simple"",""sourceMap"":true,""sourceRoot"":""http://typescript.codeplex.com/"",""strict"":false} || project/sourcerootUrlModuleSubfolderSpecifyOutputFile.json:{""scenario"":""[Sourcemap]/[Sourceroot-Url]: outputdir_module_subfolder: no outdir"",""inputFiles"":[""test.ts""],""declaration"":true,""outFile"":""bin/test.js"",""sourceMap"":true,""sourceRoot"":""http://typescript.codeplex.com/"",""strict"":false} || checked_in_tsconfig=none"	explicit runner input or project input	TS-Go 7.0.2 accepts import-equals syntax and reports TS1202 separately for its default ESM module kind.	should_parse_import_assignment_given_require_import_when_building_syntax_tree	oracle-verified; mapped to focused red Rust parser test
projects	projects/outputdir_multifolder/ref/m1.ts	[Sourcemap]/[Maproot-AbsolutePath]: outputdir_multifolder: no outdir | [Sourcemap]/[Maproot-AbsolutePath]: outputdir_multifolder: specify outputDirectory | [Sourcemap]/[Maproot-AbsolutePath]: outputdir_multifolder: specify outputFile | [Sourcemap]/[Maproot-RelativePath]: outputdir_multifolder: no outdir | [Sourcemap]/[Maproot-RelativePath]: outputdir_multifolder: specify outputDirectory | [Sourcemap]/[Maproot-RelativePath]: outputdir_multifolder: specify outputFile | [Sourcemap]/[Maproot-Url]: outputdir_multifolder: no outdir | [Sourcemap]/[Maproot-Url]: outputdir_multifolder: specify outputDirectory | [Sourcemap]/[Maproot-Url]: outputdir_multifolder: specify outputFile | [Sourcemap]/[Maproot-Url]/[Sourceroot-Url]: outputdir_multifolder: no outdir | [Sourcemap]/[Maproot-Url]/[Sourceroot-Url]: outputdir_multifolder: specify outputDirectory | [Sourcemap]/[Maproot-Url]/[Sourceroot-Url]: outputdir_multifolder: specify outputFile | outputdir_multifolder: no outdir | outputdir_multifolder: specify outputDirectory | outputdir_multifolder: specify outputFile | [Sourcemap]/[Sourceroot-AbsolutePath]: outputdir_multifolder: no outdir | [Sourcemap]/[Sourceroot-AbsolutePath]: outputdir_multifolder: specify outputDirectory | [Sourcemap]/[Sourceroot-AbsolutePath]: outputdir_multifolder: specify outputFile | [Sourcemap]/[Sourceroot-RelativePath]: outputdir_multifolder: no outdir | [Sourcemap]/[Sourceroot-RelativePath]: outputdir_multifolder: specify outputDirectory | [Sourcemap]/[Sourceroot-RelativePath]: outputdir_multifolder: specify outputFile | [Sourcemap]: outputdir_multifolder: no outdir | [Sourcemap]: outputdir_multifolder: specify outputDirectory | [Sourcemap]: outputdir_multifolder: specify outputFile | [Sourcemap]/[Sourceroot-Url]: outputdir_multifolder: no outdir | [Sourcemap]/[Sourceroot-Url]: outputdir_multifolder: specify outputDirectory | [Sourcemap]/[Sourceroot-Url]: outputdir_multifolder: specify outputFile	project/mapRootAbsolutePathMultifolderNoOutdir.json;project/mapRootAbsolutePathMultifolderSpecifyOutputDirectory.json;project/mapRootAbsolutePathMultifolderSpecifyOutputFile.json;project/mapRootRelativePathMultifolderNoOutdir.json;project/mapRootRelativePathMultifolderSpecifyOutputDirectory.json;project/mapRootRelativePathMultifolderSpecifyOutputFile.json;project/maprootUrlMultifolderNoOutdir.json;project/maprootUrlMultifolderSpecifyOutputDirectory.json;project/maprootUrlMultifolderSpecifyOutputFile.json;project/maprootUrlsourcerootUrlMultifolderNoOutdir.json;project/maprootUrlsourcerootUrlMultifolderSpecifyOutputDirectory.json;project/maprootUrlsourcerootUrlMultifolderSpecifyOutputFile.json;project/outMultifolderNoOutdir.json;project/outMultifolderSpecifyOutputDirectory.json;project/outMultifolderSpecifyOutputFile.json;project/sourceRootAbsolutePathMultifolderNoOutdir.json;project/sourceRootAbsolutePathMultifolderSpecifyOutputDirectory.json;project/sourceRootAbsolutePathMultifolderSpecifyOutputFile.json;project/sourceRootRelativePathMultifolderNoOutdir.json;project/sourceRootRelativePathMultifolderSpecifyOutputDirectory.json;project/sourceRootRelativePathMultifolderSpecifyOutputFile.json;project/sourcemapMultifolderNoOutdir.json;project/sourcemapMultifolderSpecifyOutputDirectory.json;project/sourcemapMultifolderSpecifyOutputFile.json;project/sourcerootUrlMultifolderNoOutdir.json;project/sourcerootUrlMultifolderSpecifyOutputDirectory.json;project/sourcerootUrlMultifolderSpecifyOutputFile.json	"runner=project/mapRootAbsolutePathMultifolderNoOutdir.json:{""scenario"":""[Sourcemap]/[Maproot-AbsolutePath]: outputdir_multifolder: no outdir"",""inputFiles"":[""test.ts""],""declaration"":true,""mapRoot"":""tests/cases/projects/outputdir_multifolder/mapFiles"",""resolveMapRoot"":true,""sourceMap"":true} || project/mapRootAbsolutePathMultifolderSpecifyOutputDirectory.json:{""scenario"":""[Sourcemap]/[Maproot-AbsolutePath]: outputdir_multifolder: specify outputDirectory"",""inputFiles"":[""test.ts""],""declaration"":true,""mapRoot"":""tests/cases/projects/outputdir_multifolder/mapFiles"",""outDir"":""outdir/simple"",""resolveMapRoot"":true,""sourceMap"":true} || project/mapRootAbsolutePathMultifolderSpecifyOutputFile.json:{""scenario"":""[Sourcemap]/[Maproot-AbsolutePath]: outputdir_multifolder: specify outputFile"",""inputFiles"":[""test.ts""],""declaration"":true,""mapRoot"":""tests/cases/projects/outputdir_multifolder/mapFiles"",""outFile"":""bin/test.js"",""resolveMapRoot"":true,""sourceMap"":true} || project/mapRootRelativePathMultifolderNoOutdir.json:{""scenario"":""[Sourcemap]/[Maproot-RelativePath]: outputdir_multifolder: no outdir"",""inputFiles"":[""test.ts""],""declaration"":true,""mapRoot"":""../mapFiles"",""sourceMap"":true} || project/mapRootRelativePathMultifolderSpecifyOutputDirectory.json:{""scenario"":""[Sourcemap]/[Maproot-RelativePath]: outputdir_multifolder: specify outputDirectory"",""inputFiles"":[""test.ts""],""declaration"":true,""mapRoot"":""../mapFiles"",""outDir"":""outdir/simple"",""sourceMap"":true} || project/mapRootRelativePathMultifolderSpecifyOutputFile.json:{""scenario"":""[Sourcemap]/[Maproot-RelativePath]: outputdir_multifolder: specify outputFile"",""inputFiles"":[""test.ts""],""declaration"":true,""mapRoot"":""../mapFiles"",""outFile"":""bin/test.js"",""sourceMap"":true} || project/maprootUrlMultifolderNoOutdir.json:{""scenario"":""[Sourcemap]/[Maproot-Url]: outputdir_multifolder: no outdir"",""inputFiles"":[""test.ts""],""declaration"":true,""mapRoot"":""http://www.typescriptlang.org/"",""sourceMap"":true} || project/maprootUrlMultifolderSpecifyOutputDirectory.json:{""scenario"":""[Sourcemap]/[Maproot-Url]: outputdir_multifolder: specify outputDirectory"",""inputFiles"":[""test.ts""],""declaration"":true,""mapRoot"":""http://www.typescriptlang.org/"",""outDir"":""outdir/simple"",""sourceMap"":true} || project/maprootUrlMultifolderSpecifyOutputFile.json:{""scenario"":""[Sourcemap]/[Maproot-Url]: outputdir_multifolder: specify outputFile"",""inputFiles"":[""test.ts""],""declaration"":true,""mapRoot"":""http://www.typescriptlang.org/"",""outFile"":""bin/test.js"",""sourceMap"":true} || project/maprootUrlsourcerootUrlMultifolderNoOutdir.json:{""scenario"":""[Sourcemap]/[Maproot-Url]/[Sourceroot-Url]: outputdir_multifolder: no outdir"",""inputFiles"":[""test.ts""],""declaration"":true,""mapRoot"":""http://www.typescriptlang.org/"",""sourceMap"":true,""sourceRoot"":""http://typescript.codeplex.com/""} || project/maprootUrlsourcerootUrlMultifolderSpecifyOutputDirectory.json:{""scenario"":""[Sourcemap]/[Maproot-Url]/[Sourceroot-Url]: outputdir_multifolder: specify outputDirectory"",""inputFiles"":[""test.ts""],""declaration"":true,""mapRoot"":""http://www.typescriptlang.org/"",""outDir"":""outdir/simple"",""sourceMap"":true,""sourceRoot"":""http://typescript.codeplex.com/""} || project/maprootUrlsourcerootUrlMultifolderSpecifyOutputFile.json:{""scenario"":""[Sourcemap]/[Maproot-Url]/[Sourceroot-Url]: outputdir_multifolder: specify outputFile"",""inputFiles"":[""test.ts""],""declaration"":true,""mapRoot"":""http://www.typescriptlang.org/"",""outFile"":""bin/test.js"",""sourceMap"":true,""sourceRoot"":""http://typescript.codeplex.com/""} || project/outMultifolderNoOutdir.json:{""scenario"":""outputdir_multifolder: no outdir"",""inputFiles"":[""test.ts""],""declaration"":true} || project/outMultifolderSpecifyOutputDirectory.json:{""scenario"":""outputdir_multifolder: specify outputDirectory"",""inputFiles"":[""test.ts""],""declaration"":true,""outDir"":""outdir/simple""} || project/outMultifolderSpecifyOutputFile.json:{""scenario"":""outputdir_multifolder: specify outputFile"",""inputFiles"":[""test.ts""],""declaration"":true,""outFile"":""bin/test.js""} || project/sourceRootAbsolutePathMultifolderNoOutdir.json:{""scenario"":""[Sourcemap]/[Sourceroot-AbsolutePath]: outputdir_multifolder: no outdir"",""inputFiles"":[""test.ts""],""declaration"":true,""resolveSourceRoot"":true,""sourceMap"":true,""sourceRoot"":""tests/cases/projects/outputdir_multifolder/src""} || project/sourceRootAbsolutePathMultifolderSpecifyOutputDirectory.json:{""scenario"":""[Sourcemap]/[Sourceroot-AbsolutePath]: outputdir_multifolder: specify outputDirectory"",""inputFiles"":[""test.ts""],""declaration"":true,""outDir"":""outdir/simple"",""resolveSourceRoot"":true,""sourceMap"":true,""sourceRoot"":""tests/cases/projects/outputdir_multifolder/src""} || project/sourceRootAbsolutePathMultifolderSpecifyOutputFile.json:{""scenario"":""[Sourcemap]/[Sourceroot-AbsolutePath]: outputdir_multifolder: specify outputFile"",""inputFiles"":[""test.ts""],""declaration"":true,""outFile"":""bin/test.js"",""resolveSourceRoot"":true,""sourceMap"":true,""sourceRoot"":""tests/cases/projects/outputdir_multifolder/src""} || project/sourceRootRelativePathMultifolderNoOutdir.json:{""scenario"":""[Sourcemap]/[Sourceroot-RelativePath]: outputdir_multifolder: no outdir"",""inputFiles"":[""test.ts""],""declaration"":true,""sourceMap"":true,""sourceRoot"":""../src""} || project/sourceRootRelativePathMultifolderSpecifyOutputDirectory.json:{""scenario"":""[Sourcemap]/[Sourceroot-RelativePath]: outputdir_multifolder: specify outputDirectory"",""inputFiles"":[""test.ts""],""declaration"":true,""outDir"":""outdir/simple"",""sourceMap"":true,""sourceRoot"":""../src""} || project/sourceRootRelativePathMultifolderSpecifyOutputFile.json:{""scenario"":""[Sourcemap]/[Sourceroot-RelativePath]: outputdir_multifolder: specify outputFile"",""inputFiles"":[""test.ts""],""declaration"":true,""outFile"":""bin/test.js"",""sourceMap"":true,""sourceRoot"":""../src""} || project/sourcemapMultifolderNoOutdir.json:{""scenario"":""[Sourcemap]: outputdir_multifolder: no outdir"",""inputFiles"":[""test.ts""],""declaration"":true,""sourceMap"":true} || project/sourcemapMultifolderSpecifyOutputDirectory.json:{""scenario"":""[Sourcemap]: outputdir_multifolder: specify outputDirectory"",""inputFiles"":[""test.ts""],""declaration"":true,""outDir"":""outdir/simple"",""sourceMap"":true} || project/sourcemapMultifolderSpecifyOutputFile.json:{""scenario"":""[Sourcemap]: outputdir_multifolder: specify outputFile"",""inputFiles"":[""test.ts""],""declaration"":true,""outFile"":""bin/test.js"",""sourceMap"":true} || project/sourcerootUrlMultifolderNoOutdir.json:{""scenario"":""[Sourcemap]/[Sourceroot-Url]: outputdir_multifolder: no outdir"",""inputFiles"":[""test.ts""],""declaration"":true,""sourceMap"":true,""sourceRoot"":""http://typescript.codeplex.com/""} || project/sourcerootUrlMultifolderSpecifyOutputDirectory.json:{""scenario"":""[Sourcemap]/[Sourceroot-Url]: outputdir_multifolder: specify outputDirectory"",""inputFiles"":[""test.ts""],""declaration"":true,""outDir"":""outdir/simple"",""sourceMap"":true,""sourceRoot"":""http://typescript.codeplex.com/""} || project/sourcerootUrlMultifolderSpecifyOutputFile.json:{""scenario"":""[Sourcemap]/[Sourceroot-Url]: outputdir_multifolder: specify outputFile"",""inputFiles"":[""test.ts""],""declaration"":true,""outFile"":""bin/test.js"",""sourceMap"":true,""sourceRoot"":""http://typescript.codeplex.com/""} || checked_in_tsconfig=none"	fixture under a runner project root; exact input selection/options are listed per case	Oracle gap: pinned TS-Go sparse checkout has no project-suite reference baseline for this fixture; runner JSON supplies scenario/options only, and this case has not been independently executed through TS-Go CLI.		mapped to upstream runner case(s); pending focused Rust behavior test and direct oracle check
projects	projects/outputdir_multifolder/test.ts	[Sourcemap]/[Maproot-AbsolutePath]: outputdir_multifolder: no outdir | [Sourcemap]/[Maproot-AbsolutePath]: outputdir_multifolder: specify outputDirectory | [Sourcemap]/[Maproot-AbsolutePath]: outputdir_multifolder: specify outputFile | [Sourcemap]/[Maproot-RelativePath]: outputdir_multifolder: no outdir | [Sourcemap]/[Maproot-RelativePath]: outputdir_multifolder: specify outputDirectory | [Sourcemap]/[Maproot-RelativePath]: outputdir_multifolder: specify outputFile | [Sourcemap]/[Maproot-Url]: outputdir_multifolder: no outdir | [Sourcemap]/[Maproot-Url]: outputdir_multifolder: specify outputDirectory | [Sourcemap]/[Maproot-Url]: outputdir_multifolder: specify outputFile | [Sourcemap]/[Maproot-Url]/[Sourceroot-Url]: outputdir_multifolder: no outdir | [Sourcemap]/[Maproot-Url]/[Sourceroot-Url]: outputdir_multifolder: specify outputDirectory | [Sourcemap]/[Maproot-Url]/[Sourceroot-Url]: outputdir_multifolder: specify outputFile | outputdir_multifolder: no outdir | outputdir_multifolder: specify outputDirectory | outputdir_multifolder: specify outputFile | [Sourcemap]/[Sourceroot-AbsolutePath]: outputdir_multifolder: no outdir | [Sourcemap]/[Sourceroot-AbsolutePath]: outputdir_multifolder: specify outputDirectory | [Sourcemap]/[Sourceroot-AbsolutePath]: outputdir_multifolder: specify outputFile | [Sourcemap]/[Sourceroot-RelativePath]: outputdir_multifolder: no outdir | [Sourcemap]/[Sourceroot-RelativePath]: outputdir_multifolder: specify outputDirectory | [Sourcemap]/[Sourceroot-RelativePath]: outputdir_multifolder: specify outputFile | [Sourcemap]: outputdir_multifolder: no outdir | [Sourcemap]: outputdir_multifolder: specify outputDirectory | [Sourcemap]: outputdir_multifolder: specify outputFile | [Sourcemap]/[Sourceroot-Url]: outputdir_multifolder: no outdir | [Sourcemap]/[Sourceroot-Url]: outputdir_multifolder: specify outputDirectory | [Sourcemap]/[Sourceroot-Url]: outputdir_multifolder: specify outputFile	project/mapRootAbsolutePathMultifolderNoOutdir.json;project/mapRootAbsolutePathMultifolderSpecifyOutputDirectory.json;project/mapRootAbsolutePathMultifolderSpecifyOutputFile.json;project/mapRootRelativePathMultifolderNoOutdir.json;project/mapRootRelativePathMultifolderSpecifyOutputDirectory.json;project/mapRootRelativePathMultifolderSpecifyOutputFile.json;project/maprootUrlMultifolderNoOutdir.json;project/maprootUrlMultifolderSpecifyOutputDirectory.json;project/maprootUrlMultifolderSpecifyOutputFile.json;project/maprootUrlsourcerootUrlMultifolderNoOutdir.json;project/maprootUrlsourcerootUrlMultifolderSpecifyOutputDirectory.json;project/maprootUrlsourcerootUrlMultifolderSpecifyOutputFile.json;project/outMultifolderNoOutdir.json;project/outMultifolderSpecifyOutputDirectory.json;project/outMultifolderSpecifyOutputFile.json;project/sourceRootAbsolutePathMultifolderNoOutdir.json;project/sourceRootAbsolutePathMultifolderSpecifyOutputDirectory.json;project/sourceRootAbsolutePathMultifolderSpecifyOutputFile.json;project/sourceRootRelativePathMultifolderNoOutdir.json;project/sourceRootRelativePathMultifolderSpecifyOutputDirectory.json;project/sourceRootRelativePathMultifolderSpecifyOutputFile.json;project/sourcemapMultifolderNoOutdir.json;project/sourcemapMultifolderSpecifyOutputDirectory.json;project/sourcemapMultifolderSpecifyOutputFile.json;project/sourcerootUrlMultifolderNoOutdir.json;project/sourcerootUrlMultifolderSpecifyOutputDirectory.json;project/sourcerootUrlMultifolderSpecifyOutputFile.json	"runner=project/mapRootAbsolutePathMultifolderNoOutdir.json:{""scenario"":""[Sourcemap]/[Maproot-AbsolutePath]: outputdir_multifolder: no outdir"",""inputFiles"":[""test.ts""],""declaration"":true,""mapRoot"":""tests/cases/projects/outputdir_multifolder/mapFiles"",""resolveMapRoot"":true,""sourceMap"":true} || project/mapRootAbsolutePathMultifolderSpecifyOutputDirectory.json:{""scenario"":""[Sourcemap]/[Maproot-AbsolutePath]: outputdir_multifolder: specify outputDirectory"",""inputFiles"":[""test.ts""],""declaration"":true,""mapRoot"":""tests/cases/projects/outputdir_multifolder/mapFiles"",""outDir"":""outdir/simple"",""resolveMapRoot"":true,""sourceMap"":true} || project/mapRootAbsolutePathMultifolderSpecifyOutputFile.json:{""scenario"":""[Sourcemap]/[Maproot-AbsolutePath]: outputdir_multifolder: specify outputFile"",""inputFiles"":[""test.ts""],""declaration"":true,""mapRoot"":""tests/cases/projects/outputdir_multifolder/mapFiles"",""outFile"":""bin/test.js"",""resolveMapRoot"":true,""sourceMap"":true} || project/mapRootRelativePathMultifolderNoOutdir.json:{""scenario"":""[Sourcemap]/[Maproot-RelativePath]: outputdir_multifolder: no outdir"",""inputFiles"":[""test.ts""],""declaration"":true,""mapRoot"":""../mapFiles"",""sourceMap"":true} || project/mapRootRelativePathMultifolderSpecifyOutputDirectory.json:{""scenario"":""[Sourcemap]/[Maproot-RelativePath]: outputdir_multifolder: specify outputDirectory"",""inputFiles"":[""test.ts""],""declaration"":true,""mapRoot"":""../mapFiles"",""outDir"":""outdir/simple"",""sourceMap"":true} || project/mapRootRelativePathMultifolderSpecifyOutputFile.json:{""scenario"":""[Sourcemap]/[Maproot-RelativePath]: outputdir_multifolder: specify outputFile"",""inputFiles"":[""test.ts""],""declaration"":true,""mapRoot"":""../mapFiles"",""outFile"":""bin/test.js"",""sourceMap"":true} || project/maprootUrlMultifolderNoOutdir.json:{""scenario"":""[Sourcemap]/[Maproot-Url]: outputdir_multifolder: no outdir"",""inputFiles"":[""test.ts""],""declaration"":true,""mapRoot"":""http://www.typescriptlang.org/"",""sourceMap"":true} || project/maprootUrlMultifolderSpecifyOutputDirectory.json:{""scenario"":""[Sourcemap]/[Maproot-Url]: outputdir_multifolder: specify outputDirectory"",""inputFiles"":[""test.ts""],""declaration"":true,""mapRoot"":""http://www.typescriptlang.org/"",""outDir"":""outdir/simple"",""sourceMap"":true} || project/maprootUrlMultifolderSpecifyOutputFile.json:{""scenario"":""[Sourcemap]/[Maproot-Url]: outputdir_multifolder: specify outputFile"",""inputFiles"":[""test.ts""],""declaration"":true,""mapRoot"":""http://www.typescriptlang.org/"",""outFile"":""bin/test.js"",""sourceMap"":true} || project/maprootUrlsourcerootUrlMultifolderNoOutdir.json:{""scenario"":""[Sourcemap]/[Maproot-Url]/[Sourceroot-Url]: outputdir_multifolder: no outdir"",""inputFiles"":[""test.ts""],""declaration"":true,""mapRoot"":""http://www.typescriptlang.org/"",""sourceMap"":true,""sourceRoot"":""http://typescript.codeplex.com/""} || project/maprootUrlsourcerootUrlMultifolderSpecifyOutputDirectory.json:{""scenario"":""[Sourcemap]/[Maproot-Url]/[Sourceroot-Url]: outputdir_multifolder: specify outputDirectory"",""inputFiles"":[""test.ts""],""declaration"":true,""mapRoot"":""http://www.typescriptlang.org/"",""outDir"":""outdir/simple"",""sourceMap"":true,""sourceRoot"":""http://typescript.codeplex.com/""} || project/maprootUrlsourcerootUrlMultifolderSpecifyOutputFile.json:{""scenario"":""[Sourcemap]/[Maproot-Url]/[Sourceroot-Url]: outputdir_multifolder: specify outputFile"",""inputFiles"":[""test.ts""],""declaration"":true,""mapRoot"":""http://www.typescriptlang.org/"",""outFile"":""bin/test.js"",""sourceMap"":true,""sourceRoot"":""http://typescript.codeplex.com/""} || project/outMultifolderNoOutdir.json:{""scenario"":""outputdir_multifolder: no outdir"",""inputFiles"":[""test.ts""],""declaration"":true} || project/outMultifolderSpecifyOutputDirectory.json:{""scenario"":""outputdir_multifolder: specify outputDirectory"",""inputFiles"":[""test.ts""],""declaration"":true,""outDir"":""outdir/simple""} || project/outMultifolderSpecifyOutputFile.json:{""scenario"":""outputdir_multifolder: specify outputFile"",""inputFiles"":[""test.ts""],""declaration"":true,""outFile"":""bin/test.js""} || project/sourceRootAbsolutePathMultifolderNoOutdir.json:{""scenario"":""[Sourcemap]/[Sourceroot-AbsolutePath]: outputdir_multifolder: no outdir"",""inputFiles"":[""test.ts""],""declaration"":true,""resolveSourceRoot"":true,""sourceMap"":true,""sourceRoot"":""tests/cases/projects/outputdir_multifolder/src""} || project/sourceRootAbsolutePathMultifolderSpecifyOutputDirectory.json:{""scenario"":""[Sourcemap]/[Sourceroot-AbsolutePath]: outputdir_multifolder: specify outputDirectory"",""inputFiles"":[""test.ts""],""declaration"":true,""outDir"":""outdir/simple"",""resolveSourceRoot"":true,""sourceMap"":true,""sourceRoot"":""tests/cases/projects/outputdir_multifolder/src""} || project/sourceRootAbsolutePathMultifolderSpecifyOutputFile.json:{""scenario"":""[Sourcemap]/[Sourceroot-AbsolutePath]: outputdir_multifolder: specify outputFile"",""inputFiles"":[""test.ts""],""declaration"":true,""outFile"":""bin/test.js"",""resolveSourceRoot"":true,""sourceMap"":true,""sourceRoot"":""tests/cases/projects/outputdir_multifolder/src""} || project/sourceRootRelativePathMultifolderNoOutdir.json:{""scenario"":""[Sourcemap]/[Sourceroot-RelativePath]: outputdir_multifolder: no outdir"",""inputFiles"":[""test.ts""],""declaration"":true,""sourceMap"":true,""sourceRoot"":""../src""} || project/sourceRootRelativePathMultifolderSpecifyOutputDirectory.json:{""scenario"":""[Sourcemap]/[Sourceroot-RelativePath]: outputdir_multifolder: specify outputDirectory"",""inputFiles"":[""test.ts""],""declaration"":true,""outDir"":""outdir/simple"",""sourceMap"":true,""sourceRoot"":""../src""} || project/sourceRootRelativePathMultifolderSpecifyOutputFile.json:{""scenario"":""[Sourcemap]/[Sourceroot-RelativePath]: outputdir_multifolder: specify outputFile"",""inputFiles"":[""test.ts""],""declaration"":true,""outFile"":""bin/test.js"",""sourceMap"":true,""sourceRoot"":""../src""} || project/sourcemapMultifolderNoOutdir.json:{""scenario"":""[Sourcemap]: outputdir_multifolder: no outdir"",""inputFiles"":[""test.ts""],""declaration"":true,""sourceMap"":true} || project/sourcemapMultifolderSpecifyOutputDirectory.json:{""scenario"":""[Sourcemap]: outputdir_multifolder: specify outputDirectory"",""inputFiles"":[""test.ts""],""declaration"":true,""outDir"":""outdir/simple"",""sourceMap"":true} || project/sourcemapMultifolderSpecifyOutputFile.json:{""scenario"":""[Sourcemap]: outputdir_multifolder: specify outputFile"",""inputFiles"":[""test.ts""],""declaration"":true,""outFile"":""bin/test.js"",""sourceMap"":true} || project/sourcerootUrlMultifolderNoOutdir.json:{""scenario"":""[Sourcemap]/[Sourceroot-Url]: outputdir_multifolder: no outdir"",""inputFiles"":[""test.ts""],""declaration"":true,""sourceMap"":true,""sourceRoot"":""http://typescript.codeplex.com/""} || project/sourcerootUrlMultifolderSpecifyOutputDirectory.json:{""scenario"":""[Sourcemap]/[Sourceroot-Url]: outputdir_multifolder: specify outputDirectory"",""inputFiles"":[""test.ts""],""declaration"":true,""outDir"":""outdir/simple"",""sourceMap"":true,""sourceRoot"":""http://typescript.codeplex.com/""} || project/sourcerootUrlMultifolderSpecifyOutputFile.json:{""scenario"":""[Sourcemap]/[Sourceroot-Url]: outputdir_multifolder: specify outputFile"",""inputFiles"":[""test.ts""],""declaration"":true,""outFile"":""bin/test.js"",""sourceMap"":true,""sourceRoot"":""http://typescript.codeplex.com/""} || checked_in_tsconfig=none"	explicit runner input or project input	TS-Go 7.0.2 reports TS5011 for this outDir project without TS2304 for the type loaded by the sibling triple-slash reference.	should_resolve_sibling_type_given_triple_slash_reference_when_compiling_project	oracle-verified; focused Rust project test is red with TS2304
projects	projects/outputdir_multifolder_ref/m2.ts	[Sourcemap]/[Maproot-AbsolutePath]: outputdir_multifolder: no outdir | [Sourcemap]/[Maproot-AbsolutePath]: outputdir_multifolder: specify outputDirectory | [Sourcemap]/[Maproot-AbsolutePath]: outputdir_multifolder: specify outputFile | [Sourcemap]/[Maproot-RelativePath]: outputdir_multifolder: no outdir | [Sourcemap]/[Maproot-RelativePath]: outputdir_multifolder: specify outputDirectory | [Sourcemap]/[Maproot-RelativePath]: outputdir_multifolder: specify outputFile | [Sourcemap]/[Maproot-Url]: outputdir_multifolder: no outdir | [Sourcemap]/[Maproot-Url]: outputdir_multifolder: specify outputDirectory | [Sourcemap]/[Maproot-Url]: outputdir_multifolder: specify outputFile | [Sourcemap]/[Maproot-Url]/[Sourceroot-Url]: outputdir_multifolder: no outdir | [Sourcemap]/[Maproot-Url]/[Sourceroot-Url]: outputdir_multifolder: specify outputDirectory | [Sourcemap]/[Maproot-Url]/[Sourceroot-Url]: outputdir_multifolder: specify outputFile | outputdir_multifolder: no outdir | outputdir_multifolder: specify outputDirectory | outputdir_multifolder: specify outputFile | [Sourcemap]/[Sourceroot-AbsolutePath]: outputdir_multifolder: no outdir | [Sourcemap]/[Sourceroot-AbsolutePath]: outputdir_multifolder: specify outputDirectory | [Sourcemap]/[Sourceroot-AbsolutePath]: outputdir_multifolder: specify outputFile | [Sourcemap]/[Sourceroot-RelativePath]: outputdir_multifolder: no outdir | [Sourcemap]/[Sourceroot-RelativePath]: outputdir_multifolder: specify outputDirectory | [Sourcemap]/[Sourceroot-RelativePath]: outputdir_multifolder: specify outputFile | [Sourcemap]: outputdir_multifolder: no outdir | [Sourcemap]: outputdir_multifolder: specify outputDirectory | [Sourcemap]: outputdir_multifolder: specify outputFile | [Sourcemap]/[Sourceroot-Url]: outputdir_multifolder: no outdir | [Sourcemap]/[Sourceroot-Url]: outputdir_multifolder: specify outputDirectory | [Sourcemap]/[Sourceroot-Url]: outputdir_multifolder: specify outputFile	project/mapRootAbsolutePathMultifolderNoOutdir.json;project/mapRootAbsolutePathMultifolderSpecifyOutputDirectory.json;project/mapRootAbsolutePathMultifolderSpecifyOutputFile.json;project/mapRootRelativePathMultifolderNoOutdir.json;project/mapRootRelativePathMultifolderSpecifyOutputDirectory.json;project/mapRootRelativePathMultifolderSpecifyOutputFile.json;project/maprootUrlMultifolderNoOutdir.json;project/maprootUrlMultifolderSpecifyOutputDirectory.json;project/maprootUrlMultifolderSpecifyOutputFile.json;project/maprootUrlsourcerootUrlMultifolderNoOutdir.json;project/maprootUrlsourcerootUrlMultifolderSpecifyOutputDirectory.json;project/maprootUrlsourcerootUrlMultifolderSpecifyOutputFile.json;project/outMultifolderNoOutdir.json;project/outMultifolderSpecifyOutputDirectory.json;project/outMultifolderSpecifyOutputFile.json;project/sourceRootAbsolutePathMultifolderNoOutdir.json;project/sourceRootAbsolutePathMultifolderSpecifyOutputDirectory.json;project/sourceRootAbsolutePathMultifolderSpecifyOutputFile.json;project/sourceRootRelativePathMultifolderNoOutdir.json;project/sourceRootRelativePathMultifolderSpecifyOutputDirectory.json;project/sourceRootRelativePathMultifolderSpecifyOutputFile.json;project/sourcemapMultifolderNoOutdir.json;project/sourcemapMultifolderSpecifyOutputDirectory.json;project/sourcemapMultifolderSpecifyOutputFile.json;project/sourcerootUrlMultifolderNoOutdir.json;project/sourcerootUrlMultifolderSpecifyOutputDirectory.json;project/sourcerootUrlMultifolderSpecifyOutputFile.json	"runner=project/mapRootAbsolutePathMultifolderNoOutdir.json:{""scenario"":""[Sourcemap]/[Maproot-AbsolutePath]: outputdir_multifolder: no outdir"",""inputFiles"":[""test.ts""],""declaration"":true,""mapRoot"":""tests/cases/projects/outputdir_multifolder/mapFiles"",""resolveMapRoot"":true,""sourceMap"":true} || project/mapRootAbsolutePathMultifolderSpecifyOutputDirectory.json:{""scenario"":""[Sourcemap]/[Maproot-AbsolutePath]: outputdir_multifolder: specify outputDirectory"",""inputFiles"":[""test.ts""],""declaration"":true,""mapRoot"":""tests/cases/projects/outputdir_multifolder/mapFiles"",""outDir"":""outdir/simple"",""resolveMapRoot"":true,""sourceMap"":true} || project/mapRootAbsolutePathMultifolderSpecifyOutputFile.json:{""scenario"":""[Sourcemap]/[Maproot-AbsolutePath]: outputdir_multifolder: specify outputFile"",""inputFiles"":[""test.ts""],""declaration"":true,""mapRoot"":""tests/cases/projects/outputdir_multifolder/mapFiles"",""outFile"":""bin/test.js"",""resolveMapRoot"":true,""sourceMap"":true} || project/mapRootRelativePathMultifolderNoOutdir.json:{""scenario"":""[Sourcemap]/[Maproot-RelativePath]: outputdir_multifolder: no outdir"",""inputFiles"":[""test.ts""],""declaration"":true,""mapRoot"":""../mapFiles"",""sourceMap"":true} || project/mapRootRelativePathMultifolderSpecifyOutputDirectory.json:{""scenario"":""[Sourcemap]/[Maproot-RelativePath]: outputdir_multifolder: specify outputDirectory"",""inputFiles"":[""test.ts""],""declaration"":true,""mapRoot"":""../mapFiles"",""outDir"":""outdir/simple"",""sourceMap"":true} || project/mapRootRelativePathMultifolderSpecifyOutputFile.json:{""scenario"":""[Sourcemap]/[Maproot-RelativePath]: outputdir_multifolder: specify outputFile"",""inputFiles"":[""test.ts""],""declaration"":true,""mapRoot"":""../mapFiles"",""outFile"":""bin/test.js"",""sourceMap"":true} || project/maprootUrlMultifolderNoOutdir.json:{""scenario"":""[Sourcemap]/[Maproot-Url]: outputdir_multifolder: no outdir"",""inputFiles"":[""test.ts""],""declaration"":true,""mapRoot"":""http://www.typescriptlang.org/"",""sourceMap"":true} || project/maprootUrlMultifolderSpecifyOutputDirectory.json:{""scenario"":""[Sourcemap]/[Maproot-Url]: outputdir_multifolder: specify outputDirectory"",""inputFiles"":[""test.ts""],""declaration"":true,""mapRoot"":""http://www.typescriptlang.org/"",""outDir"":""outdir/simple"",""sourceMap"":true} || project/maprootUrlMultifolderSpecifyOutputFile.json:{""scenario"":""[Sourcemap]/[Maproot-Url]: outputdir_multifolder: specify outputFile"",""inputFiles"":[""test.ts""],""declaration"":true,""mapRoot"":""http://www.typescriptlang.org/"",""outFile"":""bin/test.js"",""sourceMap"":true} || project/maprootUrlsourcerootUrlMultifolderNoOutdir.json:{""scenario"":""[Sourcemap]/[Maproot-Url]/[Sourceroot-Url]: outputdir_multifolder: no outdir"",""inputFiles"":[""test.ts""],""declaration"":true,""mapRoot"":""http://www.typescriptlang.org/"",""sourceMap"":true,""sourceRoot"":""http://typescript.codeplex.com/""} || project/maprootUrlsourcerootUrlMultifolderSpecifyOutputDirectory.json:{""scenario"":""[Sourcemap]/[Maproot-Url]/[Sourceroot-Url]: outputdir_multifolder: specify outputDirectory"",""inputFiles"":[""test.ts""],""declaration"":true,""mapRoot"":""http://www.typescriptlang.org/"",""outDir"":""outdir/simple"",""sourceMap"":true,""sourceRoot"":""http://typescript.codeplex.com/""} || project/maprootUrlsourcerootUrlMultifolderSpecifyOutputFile.json:{""scenario"":""[Sourcemap]/[Maproot-Url]/[Sourceroot-Url]: outputdir_multifolder: specify outputFile"",""inputFiles"":[""test.ts""],""declaration"":true,""mapRoot"":""http://www.typescriptlang.org/"",""outFile"":""bin/test.js"",""sourceMap"":true,""sourceRoot"":""http://typescript.codeplex.com/""} || project/outMultifolderNoOutdir.json:{""scenario"":""outputdir_multifolder: no outdir"",""inputFiles"":[""test.ts""],""declaration"":true} || project/outMultifolderSpecifyOutputDirectory.json:{""scenario"":""outputdir_multifolder: specify outputDirectory"",""inputFiles"":[""test.ts""],""declaration"":true,""outDir"":""outdir/simple""} || project/outMultifolderSpecifyOutputFile.json:{""scenario"":""outputdir_multifolder: specify outputFile"",""inputFiles"":[""test.ts""],""declaration"":true,""outFile"":""bin/test.js""} || project/sourceRootAbsolutePathMultifolderNoOutdir.json:{""scenario"":""[Sourcemap]/[Sourceroot-AbsolutePath]: outputdir_multifolder: no outdir"",""inputFiles"":[""test.ts""],""declaration"":true,""resolveSourceRoot"":true,""sourceMap"":true,""sourceRoot"":""tests/cases/projects/outputdir_multifolder/src""} || project/sourceRootAbsolutePathMultifolderSpecifyOutputDirectory.json:{""scenario"":""[Sourcemap]/[Sourceroot-AbsolutePath]: outputdir_multifolder: specify outputDirectory"",""inputFiles"":[""test.ts""],""declaration"":true,""outDir"":""outdir/simple"",""resolveSourceRoot"":true,""sourceMap"":true,""sourceRoot"":""tests/cases/projects/outputdir_multifolder/src""} || project/sourceRootAbsolutePathMultifolderSpecifyOutputFile.json:{""scenario"":""[Sourcemap]/[Sourceroot-AbsolutePath]: outputdir_multifolder: specify outputFile"",""inputFiles"":[""test.ts""],""declaration"":true,""outFile"":""bin/test.js"",""resolveSourceRoot"":true,""sourceMap"":true,""sourceRoot"":""tests/cases/projects/outputdir_multifolder/src""} || project/sourceRootRelativePathMultifolderNoOutdir.json:{""scenario"":""[Sourcemap]/[Sourceroot-RelativePath]: outputdir_multifolder: no outdir"",""inputFiles"":[""test.ts""],""declaration"":true,""sourceMap"":true,""sourceRoot"":""../src""} || project/sourceRootRelativePathMultifolderSpecifyOutputDirectory.json:{""scenario"":""[Sourcemap]/[Sourceroot-RelativePath]: outputdir_multifolder: specify outputDirectory"",""inputFiles"":[""test.ts""],""declaration"":true,""outDir"":""outdir/simple"",""sourceMap"":true,""sourceRoot"":""../src""} || project/sourceRootRelativePathMultifolderSpecifyOutputFile.json:{""scenario"":""[Sourcemap]/[Sourceroot-RelativePath]: outputdir_multifolder: specify outputFile"",""inputFiles"":[""test.ts""],""declaration"":true,""outFile"":""bin/test.js"",""sourceMap"":true,""sourceRoot"":""../src""} || project/sourcemapMultifolderNoOutdir.json:{""scenario"":""[Sourcemap]: outputdir_multifolder: no outdir"",""inputFiles"":[""test.ts""],""declaration"":true,""sourceMap"":true} || project/sourcemapMultifolderSpecifyOutputDirectory.json:{""scenario"":""[Sourcemap]: outputdir_multifolder: specify outputDirectory"",""inputFiles"":[""test.ts""],""declaration"":true,""outDir"":""outdir/simple"",""sourceMap"":true} || project/sourcemapMultifolderSpecifyOutputFile.json:{""scenario"":""[Sourcemap]: outputdir_multifolder: specify outputFile"",""inputFiles"":[""test.ts""],""declaration"":true,""outFile"":""bin/test.js"",""sourceMap"":true} || project/sourcerootUrlMultifolderNoOutdir.json:{""scenario"":""[Sourcemap]/[Sourceroot-Url]: outputdir_multifolder: no outdir"",""inputFiles"":[""test.ts""],""declaration"":true,""sourceMap"":true,""sourceRoot"":""http://typescript.codeplex.com/""} || project/sourcerootUrlMultifolderSpecifyOutputDirectory.json:{""scenario"":""[Sourcemap]/[Sourceroot-Url]: outputdir_multifolder: specify outputDirectory"",""inputFiles"":[""test.ts""],""declaration"":true,""outDir"":""outdir/simple"",""sourceMap"":true,""sourceRoot"":""http://typescript.codeplex.com/""} || project/sourcerootUrlMultifolderSpecifyOutputFile.json:{""scenario"":""[Sourcemap]/[Sourceroot-Url]: outputdir_multifolder: specify outputFile"",""inputFiles"":[""test.ts""],""declaration"":true,""outFile"":""bin/test.js"",""sourceMap"":true,""sourceRoot"":""http://typescript.codeplex.com/""} || checked_in_tsconfig=none"	relative-import-or-reference support source outside effective project root	TS-Go 7.0.2 reports TS5011 for this outDir project without TS2304 for the type loaded by the sibling triple-slash reference.	should_resolve_sibling_type_given_triple_slash_reference_when_compiling_project	oracle-verified; focused Rust project test is red with TS2304
projects	projects/outputdir_simple/m1.ts	[Sourcemap]/[Maproot-AbsolutePath]: outputdir_simple: no outdir | [Sourcemap]/[Maproot-AbsolutePath]: outputdir_simple: specify outputDirectory | [Sourcemap]/[Maproot-AbsolutePath]: outputdir_simple: specify outputFile | [Sourcemap]/[Maproot-RelativePath]: outputdir_simple: no outdir | [Sourcemap]/[Maproot-RelativePath]: outputdir_simple: specify outputDirectory | [Sourcemap]/[Maproot-RelativePath]: outputdir_simple: specify outputFile | --mapRoot and --sourceRoot is specified without specifying --sourcemap | Maproot is specified without specifying --sourcemap | [Sourcemap]/[Maproot-Url]: outputdir_simple: no outdir | [Sourcemap]/[Maproot-Url]: outputdir_simple: specify outputDirectory | [Sourcemap]/[Maproot-Url]: outputdir_simple: specify outputFile | [Sourcemap]/[Maproot-Url]/[Sourceroot-Url]: outputdir_simple: no outdir | [Sourcemap]/[Maproot-Url]/[Sourceroot-Url]: outputdir_simple: specify outputDirectory | [Sourcemap]/[Maproot-Url]/[Sourceroot-Url]: outputdir_simple: specify outputFile | outputdir_simple: no outdir | outputdir_simple: specify outputDirectory | outputdir_simple: specify outputFile | [Sourcemap]/[Sourceroot-AbsolutePath]: outputdir_simple: no outdir | [Sourcemap]/[Sourceroot-AbsolutePath]: outputdir_simple: specify outputDirectory | [Sourcemap]/[Sourceroot-AbsolutePath]: outputdir_simple: specify outputFile | [Sourcemap]/[Sourceroot-RelativePath]: outputdir_simple: no outdir | [Sourcemap]/[Sourceroot-RelativePath]: outputdir_simple: specify outputDirectory | [Sourcemap]/[Sourceroot-RelativePath]: outputdir_simple: specify outputFile | --sourceroot is specified without specifying --sourcemap | [Sourcemap]: outputdir_simple: no outdir | [Sourcemap]: outputdir_simple: specify outputDirectory | [Sourcemap]: outputdir_simple: specify outputFile | [Sourcemap]/[Sourceroot-Url]: outputdir_simple: no outdir | [Sourcemap]/[Sourceroot-Url]: outputdir_simple: specify outputDirectory | [Sourcemap]/[Sourceroot-Url]: outputdir_simple: specify outputFile	project/mapRootAbsolutePathSimpleNoOutdir.json;project/mapRootAbsolutePathSimpleSpecifyOutputDirectory.json;project/mapRootAbsolutePathSimpleSpecifyOutputFile.json;project/mapRootRelativePathSimpleNoOutdir.json;project/mapRootRelativePathSimpleSpecifyOutputDirectory.json;project/mapRootRelativePathSimpleSpecifyOutputFile.json;project/mapRootSourceRootWithNoSourceMapOption.json;project/mapRootWithNoSourceMapOption.json;project/maprootUrlSimpleNoOutdir.json;project/maprootUrlSimpleSpecifyOutputDirectory.json;project/maprootUrlSimpleSpecifyOutputFile.json;project/maprootUrlsourcerootUrlSimpleNoOutdir.json;project/maprootUrlsourcerootUrlSimpleSpecifyOutputDirectory.json;project/maprootUrlsourcerootUrlSimpleSpecifyOutputFile.json;project/outSimpleNoOutdir.json;project/outSimpleSpecifyOutputDirectory.json;project/outSimpleSpecifyOutputFile.json;project/sourceRootAbsolutePathSimpleNoOutdir.json;project/sourceRootAbsolutePathSimpleSpecifyOutputDirectory.json;project/sourceRootAbsolutePathSimpleSpecifyOutputFile.json;project/sourceRootRelativePathSimpleNoOutdir.json;project/sourceRootRelativePathSimpleSpecifyOutputDirectory.json;project/sourceRootRelativePathSimpleSpecifyOutputFile.json;project/sourceRootWithNoSourceMapOption.json;project/sourcemapSimpleNoOutdir.json;project/sourcemapSimpleSpecifyOutputDirectory.json;project/sourcemapSimpleSpecifyOutputFile.json;project/sourcerootUrlSimpleNoOutdir.json;project/sourcerootUrlSimpleSpecifyOutputDirectory.json;project/sourcerootUrlSimpleSpecifyOutputFile.json	"runner=project/mapRootAbsolutePathSimpleNoOutdir.json:{""scenario"":""[Sourcemap]/[Maproot-AbsolutePath]: outputdir_simple: no outdir"",""inputFiles"":[""test.ts""],""declaration"":true,""mapRoot"":""tests/cases/projects/outputdir_simple/mapFiles"",""resolveMapRoot"":true,""sourceMap"":true} || project/mapRootAbsolutePathSimpleSpecifyOutputDirectory.json:{""scenario"":""[Sourcemap]/[Maproot-AbsolutePath]: outputdir_simple: specify outputDirectory"",""inputFiles"":[""test.ts""],""declaration"":true,""mapRoot"":""tests/cases/projects/outputdir_simple/mapFiles"",""outDir"":""outdir/simple"",""resolveMapRoot"":true,""sourceMap"":true} || project/mapRootAbsolutePathSimpleSpecifyOutputFile.json:{""scenario"":""[Sourcemap]/[Maproot-AbsolutePath]: outputdir_simple: specify outputFile"",""inputFiles"":[""test.ts""],""declaration"":true,""mapRoot"":""tests/cases/projects/outputdir_simple/mapFiles"",""outFile"":""bin/test.js"",""resolveMapRoot"":true,""sourceMap"":true} || project/mapRootRelativePathSimpleNoOutdir.json:{""scenario"":""[Sourcemap]/[Maproot-RelativePath]: outputdir_simple: no outdir"",""inputFiles"":[""test.ts""],""declaration"":true,""mapRoot"":""../mapFiles"",""sourceMap"":true} || project/mapRootRelativePathSimpleSpecifyOutputDirectory.json:{""scenario"":""[Sourcemap]/[Maproot-RelativePath]: outputdir_simple: specify outputDirectory"",""inputFiles"":[""test.ts""],""declaration"":true,""mapRoot"":""../mapFiles"",""outDir"":""outdir/simple"",""sourceMap"":true} || project/mapRootRelativePathSimpleSpecifyOutputFile.json:{""scenario"":""[Sourcemap]/[Maproot-RelativePath]: outputdir_simple: specify outputFile"",""inputFiles"":[""test.ts""],""declaration"":true,""mapRoot"":""../mapFiles"",""outFile"":""bin/test.js"",""sourceMap"":true} || project/mapRootSourceRootWithNoSourceMapOption.json:{""scenario"":""--mapRoot and --sourceRoot is specified without specifying --sourcemap"",""inputFiles"":[""test.ts""],""mapRoot"":""../mapFiles"",""sourceRoot"":""../src""} || project/mapRootWithNoSourceMapOption.json:{""scenario"":""Maproot is specified without specifying --sourcemap"",""inputFiles"":[""test.ts""],""mapRoot"":""../mapFiles""} || project/maprootUrlSimpleNoOutdir.json:{""scenario"":""[Sourcemap]/[Maproot-Url]: outputdir_simple: no outdir"",""inputFiles"":[""test.ts""],""declaration"":true,""mapRoot"":""http://www.typescriptlang.org/"",""sourceMap"":true} || project/maprootUrlSimpleSpecifyOutputDirectory.json:{""scenario"":""[Sourcemap]/[Maproot-Url]: outputdir_simple: specify outputDirectory"",""inputFiles"":[""test.ts""],""declaration"":true,""mapRoot"":""http://www.typescriptlang.org/"",""outDir"":""outdir/simple"",""sourceMap"":true} || project/maprootUrlSimpleSpecifyOutputFile.json:{""scenario"":""[Sourcemap]/[Maproot-Url]: outputdir_simple: specify outputFile"",""inputFiles"":[""test.ts""],""declaration"":true,""mapRoot"":""http://www.typescriptlang.org/"",""outFile"":""bin/test.js"",""sourceMap"":true} || project/maprootUrlsourcerootUrlSimpleNoOutdir.json:{""scenario"":""[Sourcemap]/[Maproot-Url]/[Sourceroot-Url]: outputdir_simple: no outdir"",""inputFiles"":[""test.ts""],""declaration"":true,""mapRoot"":""http://www.typescriptlang.org/"",""sourceMap"":true,""sourceRoot"":""http://typescript.codeplex.com/""} || project/maprootUrlsourcerootUrlSimpleSpecifyOutputDirectory.json:{""scenario"":""[Sourcemap]/[Maproot-Url]/[Sourceroot-Url]: outputdir_simple: specify outputDirectory"",""inputFiles"":[""test.ts""],""declaration"":true,""mapRoot"":""http://www.typescriptlang.org/"",""outDir"":""outdir/simple"",""sourceMap"":true,""sourceRoot"":""http://typescript.codeplex.com/""} || project/maprootUrlsourcerootUrlSimpleSpecifyOutputFile.json:{""scenario"":""[Sourcemap]/[Maproot-Url]/[Sourceroot-Url]: outputdir_simple: specify outputFile"",""inputFiles"":[""test.ts""],""declaration"":true,""mapRoot"":""http://www.typescriptlang.org/"",""outFile"":""bin/test.js"",""sourceMap"":true,""sourceRoot"":""http://typescript.codeplex.com/""} || project/outSimpleNoOutdir.json:{""scenario"":""outputdir_simple: no outdir"",""inputFiles"":[""test.ts""],""declaration"":true} || project/outSimpleSpecifyOutputDirectory.json:{""scenario"":""outputdir_simple: specify outputDirectory"",""inputFiles"":[""test.ts""],""declaration"":true,""outDir"":""outdir/simple""} || project/outSimpleSpecifyOutputFile.json:{""scenario"":""outputdir_simple: specify outputFile"",""inputFiles"":[""test.ts""],""declaration"":true,""outFile"":""bin/test.js""} || project/sourceRootAbsolutePathSimpleNoOutdir.json:{""scenario"":""[Sourcemap]/[Sourceroot-AbsolutePath]: outputdir_simple: no outdir"",""inputFiles"":[""test.ts""],""declaration"":true,""resolveSourceRoot"":true,""sourceMap"":true,""sourceRoot"":""tests/cases/projects/outputdir_simple/src""} || project/sourceRootAbsolutePathSimpleSpecifyOutputDirectory.json:{""scenario"":""[Sourcemap]/[Sourceroot-AbsolutePath]: outputdir_simple: specify outputDirectory"",""inputFiles"":[""test.ts""],""declaration"":true,""outDir"":""outdir/simple"",""resolveSourceRoot"":true,""sourceMap"":true,""sourceRoot"":""tests/cases/projects/outputdir_simple/src""} || project/sourceRootAbsolutePathSimpleSpecifyOutputFile.json:{""scenario"":""[Sourcemap]/[Sourceroot-AbsolutePath]: outputdir_simple: specify outputFile"",""inputFiles"":[""test.ts""],""declaration"":true,""outFile"":""bin/test.js"",""resolveSourceRoot"":true,""sourceMap"":true,""sourceRoot"":""tests/cases/projects/outputdir_simple/src""} || project/sourceRootRelativePathSimpleNoOutdir.json:{""scenario"":""[Sourcemap]/[Sourceroot-RelativePath]: outputdir_simple: no outdir"",""inputFiles"":[""test.ts""],""declaration"":true,""sourceMap"":true,""sourceRoot"":""../src""} || project/sourceRootRelativePathSimpleSpecifyOutputDirectory.json:{""scenario"":""[Sourcemap]/[Sourceroot-RelativePath]: outputdir_simple: specify outputDirectory"",""inputFiles"":[""test.ts""],""declaration"":true,""outDir"":""outdir/simple"",""sourceMap"":true,""sourceRoot"":""../src""} || project/sourceRootRelativePathSimpleSpecifyOutputFile.json:{""scenario"":""[Sourcemap]/[Sourceroot-RelativePath]: outputdir_simple: specify outputFile"",""inputFiles"":[""test.ts""],""declaration"":true,""outFile"":""bin/test.js"",""sourceMap"":true,""sourceRoot"":""../src""} || project/sourceRootWithNoSourceMapOption.json:{""scenario"":""--sourceroot is specified without specifying --sourcemap"",""inputFiles"":[""test.ts""],""sourceRoot"":""../src""} || project/sourcemapSimpleNoOutdir.json:{""scenario"":""[Sourcemap]: outputdir_simple: no outdir"",""inputFiles"":[""test.ts""],""declaration"":true,""sourceMap"":true} || project/sourcemapSimpleSpecifyOutputDirectory.json:{""scenario"":""[Sourcemap]: outputdir_simple: specify outputDirectory"",""inputFiles"":[""test.ts""],""declaration"":true,""outDir"":""outdir/simple"",""sourceMap"":true} || project/sourcemapSimpleSpecifyOutputFile.json:{""scenario"":""[Sourcemap]: outputdir_simple: specify outputFile"",""inputFiles"":[""test.ts""],""declaration"":true,""outFile"":""bin/test.js"",""sourceMap"":true} || project/sourcerootUrlSimpleNoOutdir.json:{""scenario"":""[Sourcemap]/[Sourceroot-Url]: outputdir_simple: no outdir"",""inputFiles"":[""test.ts""],""declaration"":true,""sourceMap"":true,""sourceRoot"":""http://typescript.codeplex.com/""} || project/sourcerootUrlSimpleSpecifyOutputDirectory.json:{""scenario"":""[Sourcemap]/[Sourceroot-Url]: outputdir_simple: specify outputDirectory"",""inputFiles"":[""test.ts""],""declaration"":true,""outDir"":""outdir/simple"",""sourceMap"":true,""sourceRoot"":""http://typescript.codeplex.com/""} || project/sourcerootUrlSimpleSpecifyOutputFile.json:{""scenario"":""[Sourcemap]/[Sourceroot-Url]: outputdir_simple: specify outputFile"",""inputFiles"":[""test.ts""],""declaration"":true,""outFile"":""bin/test.js"",""sourceMap"":true,""sourceRoot"":""http://typescript.codeplex.com/""} || checked_in_tsconfig=none"	fixture under a runner project root; exact input selection/options are listed per case	Oracle gap: pinned TS-Go sparse checkout has no project-suite reference baseline for this fixture; runner JSON supplies scenario/options only, and this case has not been independently executed through TS-Go CLI.		mapped to upstream runner case(s); pending focused Rust behavior test and direct oracle check
projects	projects/outputdir_simple/test.ts	[Sourcemap]/[Maproot-AbsolutePath]: outputdir_simple: no outdir | [Sourcemap]/[Maproot-AbsolutePath]: outputdir_simple: specify outputDirectory | [Sourcemap]/[Maproot-AbsolutePath]: outputdir_simple: specify outputFile | [Sourcemap]/[Maproot-RelativePath]: outputdir_simple: no outdir | [Sourcemap]/[Maproot-RelativePath]: outputdir_simple: specify outputDirectory | [Sourcemap]/[Maproot-RelativePath]: outputdir_simple: specify outputFile | --mapRoot and --sourceRoot is specified without specifying --sourcemap | Maproot is specified without specifying --sourcemap | [Sourcemap]/[Maproot-Url]: outputdir_simple: no outdir | [Sourcemap]/[Maproot-Url]: outputdir_simple: specify outputDirectory | [Sourcemap]/[Maproot-Url]: outputdir_simple: specify outputFile | [Sourcemap]/[Maproot-Url]/[Sourceroot-Url]: outputdir_simple: no outdir | [Sourcemap]/[Maproot-Url]/[Sourceroot-Url]: outputdir_simple: specify outputDirectory | [Sourcemap]/[Maproot-Url]/[Sourceroot-Url]: outputdir_simple: specify outputFile | outputdir_simple: no outdir | outputdir_simple: specify outputDirectory | outputdir_simple: specify outputFile | [Sourcemap]/[Sourceroot-AbsolutePath]: outputdir_simple: no outdir | [Sourcemap]/[Sourceroot-AbsolutePath]: outputdir_simple: specify outputDirectory | [Sourcemap]/[Sourceroot-AbsolutePath]: outputdir_simple: specify outputFile | [Sourcemap]/[Sourceroot-RelativePath]: outputdir_simple: no outdir | [Sourcemap]/[Sourceroot-RelativePath]: outputdir_simple: specify outputDirectory | [Sourcemap]/[Sourceroot-RelativePath]: outputdir_simple: specify outputFile | --sourceroot is specified without specifying --sourcemap | [Sourcemap]: outputdir_simple: no outdir | [Sourcemap]: outputdir_simple: specify outputDirectory | [Sourcemap]: outputdir_simple: specify outputFile | [Sourcemap]/[Sourceroot-Url]: outputdir_simple: no outdir | [Sourcemap]/[Sourceroot-Url]: outputdir_simple: specify outputDirectory | [Sourcemap]/[Sourceroot-Url]: outputdir_simple: specify outputFile	project/mapRootAbsolutePathSimpleNoOutdir.json;project/mapRootAbsolutePathSimpleSpecifyOutputDirectory.json;project/mapRootAbsolutePathSimpleSpecifyOutputFile.json;project/mapRootRelativePathSimpleNoOutdir.json;project/mapRootRelativePathSimpleSpecifyOutputDirectory.json;project/mapRootRelativePathSimpleSpecifyOutputFile.json;project/mapRootSourceRootWithNoSourceMapOption.json;project/mapRootWithNoSourceMapOption.json;project/maprootUrlSimpleNoOutdir.json;project/maprootUrlSimpleSpecifyOutputDirectory.json;project/maprootUrlSimpleSpecifyOutputFile.json;project/maprootUrlsourcerootUrlSimpleNoOutdir.json;project/maprootUrlsourcerootUrlSimpleSpecifyOutputDirectory.json;project/maprootUrlsourcerootUrlSimpleSpecifyOutputFile.json;project/outSimpleNoOutdir.json;project/outSimpleSpecifyOutputDirectory.json;project/outSimpleSpecifyOutputFile.json;project/sourceRootAbsolutePathSimpleNoOutdir.json;project/sourceRootAbsolutePathSimpleSpecifyOutputDirectory.json;project/sourceRootAbsolutePathSimpleSpecifyOutputFile.json;project/sourceRootRelativePathSimpleNoOutdir.json;project/sourceRootRelativePathSimpleSpecifyOutputDirectory.json;project/sourceRootRelativePathSimpleSpecifyOutputFile.json;project/sourceRootWithNoSourceMapOption.json;project/sourcemapSimpleNoOutdir.json;project/sourcemapSimpleSpecifyOutputDirectory.json;project/sourcemapSimpleSpecifyOutputFile.json;project/sourcerootUrlSimpleNoOutdir.json;project/sourcerootUrlSimpleSpecifyOutputDirectory.json;project/sourcerootUrlSimpleSpecifyOutputFile.json	"runner=project/mapRootAbsolutePathSimpleNoOutdir.json:{""scenario"":""[Sourcemap]/[Maproot-AbsolutePath]: outputdir_simple: no outdir"",""inputFiles"":[""test.ts""],""declaration"":true,""mapRoot"":""tests/cases/projects/outputdir_simple/mapFiles"",""resolveMapRoot"":true,""sourceMap"":true} || project/mapRootAbsolutePathSimpleSpecifyOutputDirectory.json:{""scenario"":""[Sourcemap]/[Maproot-AbsolutePath]: outputdir_simple: specify outputDirectory"",""inputFiles"":[""test.ts""],""declaration"":true,""mapRoot"":""tests/cases/projects/outputdir_simple/mapFiles"",""outDir"":""outdir/simple"",""resolveMapRoot"":true,""sourceMap"":true} || project/mapRootAbsolutePathSimpleSpecifyOutputFile.json:{""scenario"":""[Sourcemap]/[Maproot-AbsolutePath]: outputdir_simple: specify outputFile"",""inputFiles"":[""test.ts""],""declaration"":true,""mapRoot"":""tests/cases/projects/outputdir_simple/mapFiles"",""outFile"":""bin/test.js"",""resolveMapRoot"":true,""sourceMap"":true} || project/mapRootRelativePathSimpleNoOutdir.json:{""scenario"":""[Sourcemap]/[Maproot-RelativePath]: outputdir_simple: no outdir"",""inputFiles"":[""test.ts""],""declaration"":true,""mapRoot"":""../mapFiles"",""sourceMap"":true} || project/mapRootRelativePathSimpleSpecifyOutputDirectory.json:{""scenario"":""[Sourcemap]/[Maproot-RelativePath]: outputdir_simple: specify outputDirectory"",""inputFiles"":[""test.ts""],""declaration"":true,""mapRoot"":""../mapFiles"",""outDir"":""outdir/simple"",""sourceMap"":true} || project/mapRootRelativePathSimpleSpecifyOutputFile.json:{""scenario"":""[Sourcemap]/[Maproot-RelativePath]: outputdir_simple: specify outputFile"",""inputFiles"":[""test.ts""],""declaration"":true,""mapRoot"":""../mapFiles"",""outFile"":""bin/test.js"",""sourceMap"":true} || project/mapRootSourceRootWithNoSourceMapOption.json:{""scenario"":""--mapRoot and --sourceRoot is specified without specifying --sourcemap"",""inputFiles"":[""test.ts""],""mapRoot"":""../mapFiles"",""sourceRoot"":""../src""} || project/mapRootWithNoSourceMapOption.json:{""scenario"":""Maproot is specified without specifying --sourcemap"",""inputFiles"":[""test.ts""],""mapRoot"":""../mapFiles""} || project/maprootUrlSimpleNoOutdir.json:{""scenario"":""[Sourcemap]/[Maproot-Url]: outputdir_simple: no outdir"",""inputFiles"":[""test.ts""],""declaration"":true,""mapRoot"":""http://www.typescriptlang.org/"",""sourceMap"":true} || project/maprootUrlSimpleSpecifyOutputDirectory.json:{""scenario"":""[Sourcemap]/[Maproot-Url]: outputdir_simple: specify outputDirectory"",""inputFiles"":[""test.ts""],""declaration"":true,""mapRoot"":""http://www.typescriptlang.org/"",""outDir"":""outdir/simple"",""sourceMap"":true} || project/maprootUrlSimpleSpecifyOutputFile.json:{""scenario"":""[Sourcemap]/[Maproot-Url]: outputdir_simple: specify outputFile"",""inputFiles"":[""test.ts""],""declaration"":true,""mapRoot"":""http://www.typescriptlang.org/"",""outFile"":""bin/test.js"",""sourceMap"":true} || project/maprootUrlsourcerootUrlSimpleNoOutdir.json:{""scenario"":""[Sourcemap]/[Maproot-Url]/[Sourceroot-Url]: outputdir_simple: no outdir"",""inputFiles"":[""test.ts""],""declaration"":true,""mapRoot"":""http://www.typescriptlang.org/"",""sourceMap"":true,""sourceRoot"":""http://typescript.codeplex.com/""} || project/maprootUrlsourcerootUrlSimpleSpecifyOutputDirectory.json:{""scenario"":""[Sourcemap]/[Maproot-Url]/[Sourceroot-Url]: outputdir_simple: specify outputDirectory"",""inputFiles"":[""test.ts""],""declaration"":true,""mapRoot"":""http://www.typescriptlang.org/"",""outDir"":""outdir/simple"",""sourceMap"":true,""sourceRoot"":""http://typescript.codeplex.com/""} || project/maprootUrlsourcerootUrlSimpleSpecifyOutputFile.json:{""scenario"":""[Sourcemap]/[Maproot-Url]/[Sourceroot-Url]: outputdir_simple: specify outputFile"",""inputFiles"":[""test.ts""],""declaration"":true,""mapRoot"":""http://www.typescriptlang.org/"",""outFile"":""bin/test.js"",""sourceMap"":true,""sourceRoot"":""http://typescript.codeplex.com/""} || project/outSimpleNoOutdir.json:{""scenario"":""outputdir_simple: no outdir"",""inputFiles"":[""test.ts""],""declaration"":true} || project/outSimpleSpecifyOutputDirectory.json:{""scenario"":""outputdir_simple: specify outputDirectory"",""inputFiles"":[""test.ts""],""declaration"":true,""outDir"":""outdir/simple""} || project/outSimpleSpecifyOutputFile.json:{""scenario"":""outputdir_simple: specify outputFile"",""inputFiles"":[""test.ts""],""declaration"":true,""outFile"":""bin/test.js""} || project/sourceRootAbsolutePathSimpleNoOutdir.json:{""scenario"":""[Sourcemap]/[Sourceroot-AbsolutePath]: outputdir_simple: no outdir"",""inputFiles"":[""test.ts""],""declaration"":true,""resolveSourceRoot"":true,""sourceMap"":true,""sourceRoot"":""tests/cases/projects/outputdir_simple/src""} || project/sourceRootAbsolutePathSimpleSpecifyOutputDirectory.json:{""scenario"":""[Sourcemap]/[Sourceroot-AbsolutePath]: outputdir_simple: specify outputDirectory"",""inputFiles"":[""test.ts""],""declaration"":true,""outDir"":""outdir/simple"",""resolveSourceRoot"":true,""sourceMap"":true,""sourceRoot"":""tests/cases/projects/outputdir_simple/src""} || project/sourceRootAbsolutePathSimpleSpecifyOutputFile.json:{""scenario"":""[Sourcemap]/[Sourceroot-AbsolutePath]: outputdir_simple: specify outputFile"",""inputFiles"":[""test.ts""],""declaration"":true,""outFile"":""bin/test.js"",""resolveSourceRoot"":true,""sourceMap"":true,""sourceRoot"":""tests/cases/projects/outputdir_simple/src""} || project/sourceRootRelativePathSimpleNoOutdir.json:{""scenario"":""[Sourcemap]/[Sourceroot-RelativePath]: outputdir_simple: no outdir"",""inputFiles"":[""test.ts""],""declaration"":true,""sourceMap"":true,""sourceRoot"":""../src""} || project/sourceRootRelativePathSimpleSpecifyOutputDirectory.json:{""scenario"":""[Sourcemap]/[Sourceroot-RelativePath]: outputdir_simple: specify outputDirectory"",""inputFiles"":[""test.ts""],""declaration"":true,""outDir"":""outdir/simple"",""sourceMap"":true,""sourceRoot"":""../src""} || project/sourceRootRelativePathSimpleSpecifyOutputFile.json:{""scenario"":""[Sourcemap]/[Sourceroot-RelativePath]: outputdir_simple: specify outputFile"",""inputFiles"":[""test.ts""],""declaration"":true,""outFile"":""bin/test.js"",""sourceMap"":true,""sourceRoot"":""../src""} || project/sourceRootWithNoSourceMapOption.json:{""scenario"":""--sourceroot is specified without specifying --sourcemap"",""inputFiles"":[""test.ts""],""sourceRoot"":""../src""} || project/sourcemapSimpleNoOutdir.json:{""scenario"":""[Sourcemap]: outputdir_simple: no outdir"",""inputFiles"":[""test.ts""],""declaration"":true,""sourceMap"":true} || project/sourcemapSimpleSpecifyOutputDirectory.json:{""scenario"":""[Sourcemap]: outputdir_simple: specify outputDirectory"",""inputFiles"":[""test.ts""],""declaration"":true,""outDir"":""outdir/simple"",""sourceMap"":true} || project/sourcemapSimpleSpecifyOutputFile.json:{""scenario"":""[Sourcemap]: outputdir_simple: specify outputFile"",""inputFiles"":[""test.ts""],""declaration"":true,""outFile"":""bin/test.js"",""sourceMap"":true} || project/sourcerootUrlSimpleNoOutdir.json:{""scenario"":""[Sourcemap]/[Sourceroot-Url]: outputdir_simple: no outdir"",""inputFiles"":[""test.ts""],""declaration"":true,""sourceMap"":true,""sourceRoot"":""http://typescript.codeplex.com/""} || project/sourcerootUrlSimpleSpecifyOutputDirectory.json:{""scenario"":""[Sourcemap]/[Sourceroot-Url]: outputdir_simple: specify outputDirectory"",""inputFiles"":[""test.ts""],""declaration"":true,""outDir"":""outdir/simple"",""sourceMap"":true,""sourceRoot"":""http://typescript.codeplex.com/""} || project/sourcerootUrlSimpleSpecifyOutputFile.json:{""scenario"":""[Sourcemap]/[Sourceroot-Url]: outputdir_simple: specify outputFile"",""inputFiles"":[""test.ts""],""declaration"":true,""outFile"":""bin/test.js"",""sourceMap"":true,""sourceRoot"":""http://typescript.codeplex.com/""} || checked_in_tsconfig=none"	explicit runner input or project input	TS-Go 7.0.2 with project/mapRootRelativePathSimpleSpecifyOutputDirectory.json emits sourceMappingURL=../../../mapFiles/test.js.map; project/sourceRootRelativePathSimpleSpecifyOutputDirectory.json writes sourceRoot=../src/ in the source map.	should_emit_map_root_source_mapping_url_given_out_dir_and_source_map_when_running_compiler_cli;should_emit_source_root_in_source_map_given_out_dir_and_source_map_when_running_compiler_cli	oracle-verified; focused red Rust tests cover mapRoot URL and sourceRoot contents
projects	projects/outputdir_singleFile/test.ts	[Sourcemap]/[Maproot-AbsolutePath]: outputdir_singleFile: no outdir | [Sourcemap]/[Maproot-AbsolutePath]: outputdir_singleFile: specify outputDirectory | [Sourcemap]/[Maproot-AbsolutePath]: outputdir_singleFile: specify outputFile | [Sourcemap]/[Maproot-RelativePath]: outputdir_singleFile: no outdir | [Sourcemap]/[Maproot-RelativePath]: outputdir_singleFile: specify outputDirectory | [Sourcemap]/[Maproot-RelativePath]: outputdir_singleFile: specify outputFile | [Sourcemap]/[Maproot-Url]: outputdir_singleFile: no outdir | [Sourcemap]/[Maproot-Url]: outputdir_singleFile: specify outputDirectory | [Sourcemap]/[Maproot-Url]: outputdir_singleFile: specify outputFile | [Sourcemap]/[Maproot-Url]/[Sourceroot-Url]: outputdir_singleFile: no outdir | [Sourcemap]/[Maproot-Url]/[Sourceroot-Url]: outputdir_singleFile: specify outputDirectory | [Sourcemap]/[Maproot-Url]/[Sourceroot-Url]: outputdir_singleFile: specify outputFile | outputdir_singleFile: no outdir | outputdir_singleFile: specify outputDirectory | outputdir_singleFile: specify outputFile | [Sourcemap]/[Sourceroot-AbsolutePath]: outputdir_singleFile: no outdir | [Sourcemap]/[Sourceroot-AbsolutePath]: outputdir_singleFile: specify outputDirectory | [Sourcemap]/[Sourceroot-AbsolutePath]: outputdir_singleFile: specify outputFile | [Sourcemap]/[Sourceroot-RelativePath]: outputdir_singleFile: no outdir | [Sourcemap]/[Sourceroot-RelativePath]: outputdir_singleFile: specify outputDirectory | [Sourcemap]/[Sourceroot-RelativePath]: outputdir_singleFile: specify outputFile | [Sourcemap]: outputdir_singleFile: no outdir | [Sourcemap]: outputdir_singleFile: specify outputDirectory | [Sourcemap]: outputdir_singleFile: specify outputFile | [Sourcemap]/[Sourceroot-Url]: outputdir_singleFile: no outdir | [Sourcemap]/[Sourceroot-Url]: outputdir_singleFile: specify outputDirectory | [Sourcemap]/[Sourceroot-Url]: outputdir_singleFile: specify outputFile	project/mapRootAbsolutePathSingleFileNoOutdir.json;project/mapRootAbsolutePathSingleFileSpecifyOutputDirectory.json;project/mapRootAbsolutePathSingleFileSpecifyOutputFile.json;project/mapRootRelativePathSingleFileNoOutdir.json;project/mapRootRelativePathSingleFileSpecifyOutputDirectory.json;project/mapRootRelativePathSingleFileSpecifyOutputFile.json;project/maprootUrlSingleFileNoOutdir.json;project/maprootUrlSingleFileSpecifyOutputDirectory.json;project/maprootUrlSingleFileSpecifyOutputFile.json;project/maprootUrlsourcerootUrlSingleFileNoOutdir.json;project/maprootUrlsourcerootUrlSingleFileSpecifyOutputDirectory.json;project/maprootUrlsourcerootUrlSingleFileSpecifyOutputFile.json;project/outSingleFileNoOutdir.json;project/outSingleFileSpecifyOutputDirectory.json;project/outSingleFileSpecifyOutputFile.json;project/sourceRootAbsolutePathSingleFileNoOutdir.json;project/sourceRootAbsolutePathSingleFileSpecifyOutputDirectory.json;project/sourceRootAbsolutePathSingleFileSpecifyOutputFile.json;project/sourceRootRelativePathSingleFileNoOutdir.json;project/sourceRootRelativePathSingleFileSpecifyOutputDirectory.json;project/sourceRootRelativePathSingleFileSpecifyOutputFile.json;project/sourcemapSingleFileNoOutdir.json;project/sourcemapSingleFileSpecifyOutputDirectory.json;project/sourcemapSingleFileSpecifyOutputFile.json;project/sourcerootUrlSingleFileNoOutdir.json;project/sourcerootUrlSingleFileSpecifyOutputDirectory.json;project/sourcerootUrlSingleFileSpecifyOutputFile.json	"runner=project/mapRootAbsolutePathSingleFileNoOutdir.json:{""scenario"":""[Sourcemap]/[Maproot-AbsolutePath]: outputdir_singleFile: no outdir"",""inputFiles"":[""test.ts""],""declaration"":true,""mapRoot"":""tests/cases/projects/outputdir_singleFile/mapFiles"",""resolveMapRoot"":true,""sourceMap"":true} || project/mapRootAbsolutePathSingleFileSpecifyOutputDirectory.json:{""scenario"":""[Sourcemap]/[Maproot-AbsolutePath]: outputdir_singleFile: specify outputDirectory"",""inputFiles"":[""test.ts""],""declaration"":true,""mapRoot"":""tests/cases/projects/outputdir_singleFile/mapFiles"",""outDir"":""outdir/simple"",""resolveMapRoot"":true,""sourceMap"":true} || project/mapRootAbsolutePathSingleFileSpecifyOutputFile.json:{""scenario"":""[Sourcemap]/[Maproot-AbsolutePath]: outputdir_singleFile: specify outputFile"",""inputFiles"":[""test.ts""],""declaration"":true,""mapRoot"":""tests/cases/projects/outputdir_singleFile/mapFiles"",""outFile"":""bin/test.js"",""resolveMapRoot"":true,""sourceMap"":true} || project/mapRootRelativePathSingleFileNoOutdir.json:{""scenario"":""[Sourcemap]/[Maproot-RelativePath]: outputdir_singleFile: no outdir"",""inputFiles"":[""test.ts""],""declaration"":true,""mapRoot"":""../mapFiles"",""sourceMap"":true} || project/mapRootRelativePathSingleFileSpecifyOutputDirectory.json:{""scenario"":""[Sourcemap]/[Maproot-RelativePath]: outputdir_singleFile: specify outputDirectory"",""inputFiles"":[""test.ts""],""declaration"":true,""mapRoot"":""../mapFiles"",""outDir"":""outdir/simple"",""sourceMap"":true} || project/mapRootRelativePathSingleFileSpecifyOutputFile.json:{""scenario"":""[Sourcemap]/[Maproot-RelativePath]: outputdir_singleFile: specify outputFile"",""inputFiles"":[""test.ts""],""declaration"":true,""mapRoot"":""../mapFiles"",""outFile"":""bin/test.js"",""sourceMap"":true} || project/maprootUrlSingleFileNoOutdir.json:{""scenario"":""[Sourcemap]/[Maproot-Url]: outputdir_singleFile: no outdir"",""inputFiles"":[""test.ts""],""declaration"":true,""mapRoot"":""http://www.typescriptlang.org/"",""sourceMap"":true} || project/maprootUrlSingleFileSpecifyOutputDirectory.json:{""scenario"":""[Sourcemap]/[Maproot-Url]: outputdir_singleFile: specify outputDirectory"",""inputFiles"":[""test.ts""],""declaration"":true,""mapRoot"":""http://www.typescriptlang.org/"",""outDir"":""outdir/simple"",""sourceMap"":true} || project/maprootUrlSingleFileSpecifyOutputFile.json:{""scenario"":""[Sourcemap]/[Maproot-Url]: outputdir_singleFile: specify outputFile"",""inputFiles"":[""test.ts""],""declaration"":true,""mapRoot"":""http://www.typescriptlang.org/"",""outFile"":""bin/test.js"",""sourceMap"":true} || project/maprootUrlsourcerootUrlSingleFileNoOutdir.json:{""scenario"":""[Sourcemap]/[Maproot-Url]/[Sourceroot-Url]: outputdir_singleFile: no outdir"",""inputFiles"":[""test.ts""],""declaration"":true,""mapRoot"":""http://www.typescriptlang.org/"",""sourceMap"":true,""sourceRoot"":""http://typescript.codeplex.com/""} || project/maprootUrlsourcerootUrlSingleFileSpecifyOutputDirectory.json:{""scenario"":""[Sourcemap]/[Maproot-Url]/[Sourceroot-Url]: outputdir_singleFile: specify outputDirectory"",""inputFiles"":[""test.ts""],""declaration"":true,""mapRoot"":""http://www.typescriptlang.org/"",""outDir"":""outdir/simple"",""sourceMap"":true,""sourceRoot"":""http://typescript.codeplex.com/""} || project/maprootUrlsourcerootUrlSingleFileSpecifyOutputFile.json:{""scenario"":""[Sourcemap]/[Maproot-Url]/[Sourceroot-Url]: outputdir_singleFile: specify outputFile"",""inputFiles"":[""test.ts""],""declaration"":true,""mapRoot"":""http://www.typescriptlang.org/"",""outFile"":""bin/test.js"",""sourceMap"":true,""sourceRoot"":""http://typescript.codeplex.com/""} || project/outSingleFileNoOutdir.json:{""scenario"":""outputdir_singleFile: no outdir"",""inputFiles"":[""test.ts""],""declaration"":true} || project/outSingleFileSpecifyOutputDirectory.json:{""scenario"":""outputdir_singleFile: specify outputDirectory"",""inputFiles"":[""test.ts""],""declaration"":true,""outDir"":""outdir/simple""} || project/outSingleFileSpecifyOutputFile.json:{""scenario"":""outputdir_singleFile: specify outputFile"",""inputFiles"":[""test.ts""],""declaration"":true,""outFile"":""bin/test.js""} || project/sourceRootAbsolutePathSingleFileNoOutdir.json:{""scenario"":""[Sourcemap]/[Sourceroot-AbsolutePath]: outputdir_singleFile: no outdir"",""inputFiles"":[""test.ts""],""declaration"":true,""resolveSourceRoot"":true,""sourceMap"":true,""sourceRoot"":""tests/cases/projects/outputdir_singleFile/src""} || project/sourceRootAbsolutePathSingleFileSpecifyOutputDirectory.json:{""scenario"":""[Sourcemap]/[Sourceroot-AbsolutePath]: outputdir_singleFile: specify outputDirectory"",""inputFiles"":[""test.ts""],""declaration"":true,""outDir"":""outdir/simple"",""resolveSourceRoot"":true,""sourceMap"":true,""sourceRoot"":""tests/cases/projects/outputdir_singleFile/src""} || project/sourceRootAbsolutePathSingleFileSpecifyOutputFile.json:{""scenario"":""[Sourcemap]/[Sourceroot-AbsolutePath]: outputdir_singleFile: specify outputFile"",""inputFiles"":[""test.ts""],""declaration"":true,""outFile"":""bin/test.js"",""resolveSourceRoot"":true,""sourceMap"":true,""sourceRoot"":""tests/cases/projects/outputdir_singleFile/src""} || project/sourceRootRelativePathSingleFileNoOutdir.json:{""scenario"":""[Sourcemap]/[Sourceroot-RelativePath]: outputdir_singleFile: no outdir"",""inputFiles"":[""test.ts""],""declaration"":true,""sourceMap"":true,""sourceRoot"":""../src""} || project/sourceRootRelativePathSingleFileSpecifyOutputDirectory.json:{""scenario"":""[Sourcemap]/[Sourceroot-RelativePath]: outputdir_singleFile: specify outputDirectory"",""inputFiles"":[""test.ts""],""declaration"":true,""outDir"":""outdir/simple"",""sourceMap"":true,""sourceRoot"":""../src""} || project/sourceRootRelativePathSingleFileSpecifyOutputFile.json:{""scenario"":""[Sourcemap]/[Sourceroot-RelativePath]: outputdir_singleFile: specify outputFile"",""inputFiles"":[""test.ts""],""declaration"":true,""outFile"":""bin/test.js"",""sourceMap"":true,""sourceRoot"":""../src""} || project/sourcemapSingleFileNoOutdir.json:{""scenario"":""[Sourcemap]: outputdir_singleFile: no outdir"",""inputFiles"":[""test.ts""],""declaration"":true,""sourceMap"":true} || project/sourcemapSingleFileSpecifyOutputDirectory.json:{""scenario"":""[Sourcemap]: outputdir_singleFile: specify outputDirectory"",""inputFiles"":[""test.ts""],""declaration"":true,""outDir"":""outdir/simple"",""sourceMap"":true} || project/sourcemapSingleFileSpecifyOutputFile.json:{""scenario"":""[Sourcemap]: outputdir_singleFile: specify outputFile"",""inputFiles"":[""test.ts""],""declaration"":true,""outFile"":""bin/test.js"",""sourceMap"":true} || project/sourcerootUrlSingleFileNoOutdir.json:{""scenario"":""[Sourcemap]/[Sourceroot-Url]: outputdir_singleFile: no outdir"",""inputFiles"":[""test.ts""],""declaration"":true,""sourceMap"":true,""sourceRoot"":""http://typescript.codeplex.com/""} || project/sourcerootUrlSingleFileSpecifyOutputDirectory.json:{""scenario"":""[Sourcemap]/[Sourceroot-Url]: outputdir_singleFile: specify outputDirectory"",""inputFiles"":[""test.ts""],""declaration"":true,""outDir"":""outdir/simple"",""sourceMap"":true,""sourceRoot"":""http://typescript.codeplex.com/""} || project/sourcerootUrlSingleFileSpecifyOutputFile.json:{""scenario"":""[Sourcemap]/[Sourceroot-Url]: outputdir_singleFile: specify outputFile"",""inputFiles"":[""test.ts""],""declaration"":true,""outFile"":""bin/test.js"",""sourceMap"":true,""sourceRoot"":""http://typescript.codeplex.com/""} || checked_in_tsconfig=none"	explicit runner input or project input	TS-Go 7.0.2 --project reports TS5102 for the removed outFile option in project/outSingleFileSpecifyOutputFile.json.	should_report_removed_out_file_option_given_project_configuration_when_running_compiler_cli	oracle-verified; mapped to focused red Rust project test
projects	projects/outputdir_subfolder/ref/m1.ts	[Sourcemap]/[Maproot-AbsolutePath]: outputdir_subfolder: no outdir | [Sourcemap]/[Maproot-AbsolutePath]: outputdir_subfolder: specify outputDirectory | [Sourcemap]/[Maproot-AbsolutePath]: outputdir_subfolder: specify outputFile | [Sourcemap]/[Maproot-RelativePath]: outputdir_subfolder: no outdir | [Sourcemap]/[Maproot-RelativePath]: outputdir_subfolder: specify outputDirectory | [Sourcemap]/[Maproot-RelativePath]: outputdir_subfolder: specify outputFile | [Sourcemap]/[Maproot-Url]: outputdir_subfolder: no outdir | [Sourcemap]/[Maproot-Url]: outputdir_subfolder: specify outputDirectory | [Sourcemap]/[Maproot-Url]: outputdir_subfolder: specify outputFile | [Sourcemap]/[Maproot-Url]/[Sourceroot-Url]: outputdir_subfolder: no outdir | [Sourcemap]/[Maproot-Url]/[Sourceroot-Url]: outputdir_subfolder: specify outputDirectory | [Sourcemap]/[Maproot-Url]/[Sourceroot-Url]: outputdir_subfolder: specify outputFile | outputdir_subfolder: no outdir | outputdir_subfolder: specify outputDirectory | outputdir_subfolder: specify outputFile | [Sourcemap]/[Sourceroot-AbsolutePath]: outputdir_subfolder: no outdir | [Sourcemap]/[Sourceroot-AbsolutePath]: outputdir_subfolder: specify outputDirectory | [Sourcemap]/[Sourceroot-AbsolutePath]: outputdir_subfolder: specify outputFile | [Sourcemap]/[Sourceroot-RelativePath]: outputdir_subfolder: no outdir | [Sourcemap]/[Sourceroot-RelativePath]: outputdir_subfolder: specify outputDirectory | [Sourcemap]/[Sourceroot-RelativePath]: outputdir_subfolder: specify outputFile | [Sourcemap]: outputdir_subfolder: no outdir | [Sourcemap]: outputdir_subfolder: specify outputDirectory | [Sourcemap]: outputdir_subfolder: specify outputFile | [Sourcemap]/[Sourceroot-Url]: outputdir_subfolder: no outdir | [Sourcemap]/[Sourceroot-Url]: outputdir_subfolder: specify outputDirectory | [Sourcemap]/[Sourceroot-Url]: outputdir_subfolder: specify outputFile	project/mapRootAbsolutePathSubfolderNoOutdir.json;project/mapRootAbsolutePathSubfolderSpecifyOutputDirectory.json;project/mapRootAbsolutePathSubfolderSpecifyOutputFile.json;project/mapRootRelativePathSubfolderNoOutdir.json;project/mapRootRelativePathSubfolderSpecifyOutputDirectory.json;project/mapRootRelativePathSubfolderSpecifyOutputFile.json;project/maprootUrlSubfolderNoOutdir.json;project/maprootUrlSubfolderSpecifyOutputDirectory.json;project/maprootUrlSubfolderSpecifyOutputFile.json;project/maprootUrlsourcerootUrlSubfolderNoOutdir.json;project/maprootUrlsourcerootUrlSubfolderSpecifyOutputDirectory.json;project/maprootUrlsourcerootUrlSubfolderSpecifyOutputFile.json;project/outSubfolderNoOutdir.json;project/outSubfolderSpecifyOutputDirectory.json;project/outSubfolderSpecifyOutputFile.json;project/sourceRootAbsolutePathSubfolderNoOutdir.json;project/sourceRootAbsolutePathSubfolderSpecifyOutputDirectory.json;project/sourceRootAbsolutePathSubfolderSpecifyOutputFile.json;project/sourceRootRelativePathSubfolderNoOutdir.json;project/sourceRootRelativePathSubfolderSpecifyOutputDirectory.json;project/sourceRootRelativePathSubfolderSpecifyOutputFile.json;project/sourcemapSubfolderNoOutdir.json;project/sourcemapSubfolderSpecifyOutputDirectory.json;project/sourcemapSubfolderSpecifyOutputFile.json;project/sourcerootUrlSubfolderNoOutdir.json;project/sourcerootUrlSubfolderSpecifyOutputDirectory.json;project/sourcerootUrlSubfolderSpecifyOutputFile.json	"runner=project/mapRootAbsolutePathSubfolderNoOutdir.json:{""scenario"":""[Sourcemap]/[Maproot-AbsolutePath]: outputdir_subfolder: no outdir"",""inputFiles"":[""test.ts""],""declaration"":true,""mapRoot"":""tests/cases/projects/outputdir_subfolder/mapFiles"",""resolveMapRoot"":true,""sourceMap"":true} || project/mapRootAbsolutePathSubfolderSpecifyOutputDirectory.json:{""scenario"":""[Sourcemap]/[Maproot-AbsolutePath]: outputdir_subfolder: specify outputDirectory"",""inputFiles"":[""test.ts""],""declaration"":true,""mapRoot"":""tests/cases/projects/outputdir_subfolder/mapFiles"",""outDir"":""outdir/simple"",""resolveMapRoot"":true,""sourceMap"":true} || project/mapRootAbsolutePathSubfolderSpecifyOutputFile.json:{""scenario"":""[Sourcemap]/[Maproot-AbsolutePath]: outputdir_subfolder: specify outputFile"",""inputFiles"":[""test.ts""],""declaration"":true,""mapRoot"":""tests/cases/projects/outputdir_subfolder/mapFiles"",""outFile"":""bin/test.js"",""resolveMapRoot"":true,""sourceMap"":true} || project/mapRootRelativePathSubfolderNoOutdir.json:{""scenario"":""[Sourcemap]/[Maproot-RelativePath]: outputdir_subfolder: no outdir"",""inputFiles"":[""test.ts""],""declaration"":true,""mapRoot"":""../mapFiles"",""sourceMap"":true} || project/mapRootRelativePathSubfolderSpecifyOutputDirectory.json:{""scenario"":""[Sourcemap]/[Maproot-RelativePath]: outputdir_subfolder: specify outputDirectory"",""inputFiles"":[""test.ts""],""declaration"":true,""mapRoot"":""../mapFiles"",""outDir"":""outdir/simple"",""sourceMap"":true} || project/mapRootRelativePathSubfolderSpecifyOutputFile.json:{""scenario"":""[Sourcemap]/[Maproot-RelativePath]: outputdir_subfolder: specify outputFile"",""inputFiles"":[""test.ts""],""declaration"":true,""mapRoot"":""../mapFiles"",""outFile"":""bin/test.js"",""sourceMap"":true} || project/maprootUrlSubfolderNoOutdir.json:{""scenario"":""[Sourcemap]/[Maproot-Url]: outputdir_subfolder: no outdir"",""inputFiles"":[""test.ts""],""declaration"":true,""mapRoot"":""http://www.typescriptlang.org/"",""sourceMap"":true} || project/maprootUrlSubfolderSpecifyOutputDirectory.json:{""scenario"":""[Sourcemap]/[Maproot-Url]: outputdir_subfolder: specify outputDirectory"",""inputFiles"":[""test.ts""],""declaration"":true,""mapRoot"":""http://www.typescriptlang.org/"",""outDir"":""outdir/simple"",""sourceMap"":true} || project/maprootUrlSubfolderSpecifyOutputFile.json:{""scenario"":""[Sourcemap]/[Maproot-Url]: outputdir_subfolder: specify outputFile"",""inputFiles"":[""test.ts""],""declaration"":true,""mapRoot"":""http://www.typescriptlang.org/"",""outFile"":""bin/test.js"",""sourceMap"":true} || project/maprootUrlsourcerootUrlSubfolderNoOutdir.json:{""scenario"":""[Sourcemap]/[Maproot-Url]/[Sourceroot-Url]: outputdir_subfolder: no outdir"",""inputFiles"":[""test.ts""],""declaration"":true,""mapRoot"":""http://www.typescriptlang.org/"",""sourceMap"":true,""sourceRoot"":""http://typescript.codeplex.com/""} || project/maprootUrlsourcerootUrlSubfolderSpecifyOutputDirectory.json:{""scenario"":""[Sourcemap]/[Maproot-Url]/[Sourceroot-Url]: outputdir_subfolder: specify outputDirectory"",""inputFiles"":[""test.ts""],""declaration"":true,""mapRoot"":""http://www.typescriptlang.org/"",""outDir"":""outdir/simple"",""sourceMap"":true,""sourceRoot"":""http://typescript.codeplex.com/""} || project/maprootUrlsourcerootUrlSubfolderSpecifyOutputFile.json:{""scenario"":""[Sourcemap]/[Maproot-Url]/[Sourceroot-Url]: outputdir_subfolder: specify outputFile"",""inputFiles"":[""test.ts""],""declaration"":true,""mapRoot"":""http://www.typescriptlang.org/"",""outFile"":""bin/test.js"",""sourceMap"":true,""sourceRoot"":""http://typescript.codeplex.com/""} || project/outSubfolderNoOutdir.json:{""scenario"":""outputdir_subfolder: no outdir"",""inputFiles"":[""test.ts""],""declaration"":true} || project/outSubfolderSpecifyOutputDirectory.json:{""scenario"":""outputdir_subfolder: specify outputDirectory"",""inputFiles"":[""test.ts""],""declaration"":true,""outDir"":""outdir/simple""} || project/outSubfolderSpecifyOutputFile.json:{""scenario"":""outputdir_subfolder: specify outputFile"",""inputFiles"":[""test.ts""],""declaration"":true,""outFile"":""bin/test.js""} || project/sourceRootAbsolutePathSubfolderNoOutdir.json:{""scenario"":""[Sourcemap]/[Sourceroot-AbsolutePath]: outputdir_subfolder: no outdir"",""inputFiles"":[""test.ts""],""declaration"":true,""resolveSourceRoot"":true,""sourceMap"":true,""sourceRoot"":""tests/cases/projects/outputdir_subfolder/src""} || project/sourceRootAbsolutePathSubfolderSpecifyOutputDirectory.json:{""scenario"":""[Sourcemap]/[Sourceroot-AbsolutePath]: outputdir_subfolder: specify outputDirectory"",""inputFiles"":[""test.ts""],""declaration"":true,""outDir"":""outdir/simple"",""resolveSourceRoot"":true,""sourceMap"":true,""sourceRoot"":""tests/cases/projects/outputdir_subfolder/src""} || project/sourceRootAbsolutePathSubfolderSpecifyOutputFile.json:{""scenario"":""[Sourcemap]/[Sourceroot-AbsolutePath]: outputdir_subfolder: specify outputFile"",""inputFiles"":[""test.ts""],""declaration"":true,""outFile"":""bin/test.js"",""resolveSourceRoot"":true,""sourceMap"":true,""sourceRoot"":""tests/cases/projects/outputdir_subfolder/src""} || project/sourceRootRelativePathSubfolderNoOutdir.json:{""scenario"":""[Sourcemap]/[Sourceroot-RelativePath]: outputdir_subfolder: no outdir"",""inputFiles"":[""test.ts""],""declaration"":true,""sourceMap"":true,""sourceRoot"":""../src""} || project/sourceRootRelativePathSubfolderSpecifyOutputDirectory.json:{""scenario"":""[Sourcemap]/[Sourceroot-RelativePath]: outputdir_subfolder: specify outputDirectory"",""inputFiles"":[""test.ts""],""declaration"":true,""outDir"":""outdir/simple"",""sourceMap"":true,""sourceRoot"":""../src""} || project/sourceRootRelativePathSubfolderSpecifyOutputFile.json:{""scenario"":""[Sourcemap]/[Sourceroot-RelativePath]: outputdir_subfolder: specify outputFile"",""inputFiles"":[""test.ts""],""declaration"":true,""outFile"":""bin/test.js"",""sourceMap"":true,""sourceRoot"":""../src""} || project/sourcemapSubfolderNoOutdir.json:{""scenario"":""[Sourcemap]: outputdir_subfolder: no outdir"",""inputFiles"":[""test.ts""],""declaration"":true,""sourceMap"":true} || project/sourcemapSubfolderSpecifyOutputDirectory.json:{""scenario"":""[Sourcemap]: outputdir_subfolder: specify outputDirectory"",""inputFiles"":[""test.ts""],""declaration"":true,""outDir"":""outdir/simple"",""sourceMap"":true} || project/sourcemapSubfolderSpecifyOutputFile.json:{""scenario"":""[Sourcemap]: outputdir_subfolder: specify outputFile"",""inputFiles"":[""test.ts""],""declaration"":true,""outFile"":""bin/test.js"",""sourceMap"":true} || project/sourcerootUrlSubfolderNoOutdir.json:{""scenario"":""[Sourcemap]/[Sourceroot-Url]: outputdir_subfolder: no outdir"",""inputFiles"":[""test.ts""],""declaration"":true,""sourceMap"":true,""sourceRoot"":""http://typescript.codeplex.com/""} || project/sourcerootUrlSubfolderSpecifyOutputDirectory.json:{""scenario"":""[Sourcemap]/[Sourceroot-Url]: outputdir_subfolder: specify outputDirectory"",""inputFiles"":[""test.ts""],""declaration"":true,""outDir"":""outdir/simple"",""sourceMap"":true,""sourceRoot"":""http://typescript.codeplex.com/""} || project/sourcerootUrlSubfolderSpecifyOutputFile.json:{""scenario"":""[Sourcemap]/[Sourceroot-Url]: outputdir_subfolder: specify outputFile"",""inputFiles"":[""test.ts""],""declaration"":true,""outFile"":""bin/test.js"",""sourceMap"":true,""sourceRoot"":""http://typescript.codeplex.com/""} || checked_in_tsconfig=none"	fixture under a runner project root; exact input selection/options are listed per case	TS-Go 7.0.2 with project/outSubfolderSpecifyOutputDirectory.json emits outdir/simple/test.js and outdir/simple/ref/m1.js.	should_preserve_referenced_source_subdirectory_given_out_dir_project_option_when_running_compiler_cli	oracle-verified; Rust project test is red because the referenced nested output is absent
projects	projects/outputdir_subfolder/test.ts	[Sourcemap]/[Maproot-AbsolutePath]: outputdir_subfolder: no outdir | [Sourcemap]/[Maproot-AbsolutePath]: outputdir_subfolder: specify outputDirectory | [Sourcemap]/[Maproot-AbsolutePath]: outputdir_subfolder: specify outputFile | [Sourcemap]/[Maproot-RelativePath]: outputdir_subfolder: no outdir | [Sourcemap]/[Maproot-RelativePath]: outputdir_subfolder: specify outputDirectory | [Sourcemap]/[Maproot-RelativePath]: outputdir_subfolder: specify outputFile | [Sourcemap]/[Maproot-Url]: outputdir_subfolder: no outdir | [Sourcemap]/[Maproot-Url]: outputdir_subfolder: specify outputDirectory | [Sourcemap]/[Maproot-Url]: outputdir_subfolder: specify outputFile | [Sourcemap]/[Maproot-Url]/[Sourceroot-Url]: outputdir_subfolder: no outdir | [Sourcemap]/[Maproot-Url]/[Sourceroot-Url]: outputdir_subfolder: specify outputDirectory | [Sourcemap]/[Maproot-Url]/[Sourceroot-Url]: outputdir_subfolder: specify outputFile | outputdir_subfolder: no outdir | outputdir_subfolder: specify outputDirectory | outputdir_subfolder: specify outputFile | [Sourcemap]/[Sourceroot-AbsolutePath]: outputdir_subfolder: no outdir | [Sourcemap]/[Sourceroot-AbsolutePath]: outputdir_subfolder: specify outputDirectory | [Sourcemap]/[Sourceroot-AbsolutePath]: outputdir_subfolder: specify outputFile | [Sourcemap]/[Sourceroot-RelativePath]: outputdir_subfolder: no outdir | [Sourcemap]/[Sourceroot-RelativePath]: outputdir_subfolder: specify outputDirectory | [Sourcemap]/[Sourceroot-RelativePath]: outputdir_subfolder: specify outputFile | [Sourcemap]: outputdir_subfolder: no outdir | [Sourcemap]: outputdir_subfolder: specify outputDirectory | [Sourcemap]: outputdir_subfolder: specify outputFile | [Sourcemap]/[Sourceroot-Url]: outputdir_subfolder: no outdir | [Sourcemap]/[Sourceroot-Url]: outputdir_subfolder: specify outputDirectory | [Sourcemap]/[Sourceroot-Url]: outputdir_subfolder: specify outputFile	project/mapRootAbsolutePathSubfolderNoOutdir.json;project/mapRootAbsolutePathSubfolderSpecifyOutputDirectory.json;project/mapRootAbsolutePathSubfolderSpecifyOutputFile.json;project/mapRootRelativePathSubfolderNoOutdir.json;project/mapRootRelativePathSubfolderSpecifyOutputDirectory.json;project/mapRootRelativePathSubfolderSpecifyOutputFile.json;project/maprootUrlSubfolderNoOutdir.json;project/maprootUrlSubfolderSpecifyOutputDirectory.json;project/maprootUrlSubfolderSpecifyOutputFile.json;project/maprootUrlsourcerootUrlSubfolderNoOutdir.json;project/maprootUrlsourcerootUrlSubfolderSpecifyOutputDirectory.json;project/maprootUrlsourcerootUrlSubfolderSpecifyOutputFile.json;project/outSubfolderNoOutdir.json;project/outSubfolderSpecifyOutputDirectory.json;project/outSubfolderSpecifyOutputFile.json;project/sourceRootAbsolutePathSubfolderNoOutdir.json;project/sourceRootAbsolutePathSubfolderSpecifyOutputDirectory.json;project/sourceRootAbsolutePathSubfolderSpecifyOutputFile.json;project/sourceRootRelativePathSubfolderNoOutdir.json;project/sourceRootRelativePathSubfolderSpecifyOutputDirectory.json;project/sourceRootRelativePathSubfolderSpecifyOutputFile.json;project/sourcemapSubfolderNoOutdir.json;project/sourcemapSubfolderSpecifyOutputDirectory.json;project/sourcemapSubfolderSpecifyOutputFile.json;project/sourcerootUrlSubfolderNoOutdir.json;project/sourcerootUrlSubfolderSpecifyOutputDirectory.json;project/sourcerootUrlSubfolderSpecifyOutputFile.json	"runner=project/mapRootAbsolutePathSubfolderNoOutdir.json:{""scenario"":""[Sourcemap]/[Maproot-AbsolutePath]: outputdir_subfolder: no outdir"",""inputFiles"":[""test.ts""],""declaration"":true,""mapRoot"":""tests/cases/projects/outputdir_subfolder/mapFiles"",""resolveMapRoot"":true,""sourceMap"":true} || project/mapRootAbsolutePathSubfolderSpecifyOutputDirectory.json:{""scenario"":""[Sourcemap]/[Maproot-AbsolutePath]: outputdir_subfolder: specify outputDirectory"",""inputFiles"":[""test.ts""],""declaration"":true,""mapRoot"":""tests/cases/projects/outputdir_subfolder/mapFiles"",""outDir"":""outdir/simple"",""resolveMapRoot"":true,""sourceMap"":true} || project/mapRootAbsolutePathSubfolderSpecifyOutputFile.json:{""scenario"":""[Sourcemap]/[Maproot-AbsolutePath]: outputdir_subfolder: specify outputFile"",""inputFiles"":[""test.ts""],""declaration"":true,""mapRoot"":""tests/cases/projects/outputdir_subfolder/mapFiles"",""outFile"":""bin/test.js"",""resolveMapRoot"":true,""sourceMap"":true} || project/mapRootRelativePathSubfolderNoOutdir.json:{""scenario"":""[Sourcemap]/[Maproot-RelativePath]: outputdir_subfolder: no outdir"",""inputFiles"":[""test.ts""],""declaration"":true,""mapRoot"":""../mapFiles"",""sourceMap"":true} || project/mapRootRelativePathSubfolderSpecifyOutputDirectory.json:{""scenario"":""[Sourcemap]/[Maproot-RelativePath]: outputdir_subfolder: specify outputDirectory"",""inputFiles"":[""test.ts""],""declaration"":true,""mapRoot"":""../mapFiles"",""outDir"":""outdir/simple"",""sourceMap"":true} || project/mapRootRelativePathSubfolderSpecifyOutputFile.json:{""scenario"":""[Sourcemap]/[Maproot-RelativePath]: outputdir_subfolder: specify outputFile"",""inputFiles"":[""test.ts""],""declaration"":true,""mapRoot"":""../mapFiles"",""outFile"":""bin/test.js"",""sourceMap"":true} || project/maprootUrlSubfolderNoOutdir.json:{""scenario"":""[Sourcemap]/[Maproot-Url]: outputdir_subfolder: no outdir"",""inputFiles"":[""test.ts""],""declaration"":true,""mapRoot"":""http://www.typescriptlang.org/"",""sourceMap"":true} || project/maprootUrlSubfolderSpecifyOutputDirectory.json:{""scenario"":""[Sourcemap]/[Maproot-Url]: outputdir_subfolder: specify outputDirectory"",""inputFiles"":[""test.ts""],""declaration"":true,""mapRoot"":""http://www.typescriptlang.org/"",""outDir"":""outdir/simple"",""sourceMap"":true} || project/maprootUrlSubfolderSpecifyOutputFile.json:{""scenario"":""[Sourcemap]/[Maproot-Url]: outputdir_subfolder: specify outputFile"",""inputFiles"":[""test.ts""],""declaration"":true,""mapRoot"":""http://www.typescriptlang.org/"",""outFile"":""bin/test.js"",""sourceMap"":true} || project/maprootUrlsourcerootUrlSubfolderNoOutdir.json:{""scenario"":""[Sourcemap]/[Maproot-Url]/[Sourceroot-Url]: outputdir_subfolder: no outdir"",""inputFiles"":[""test.ts""],""declaration"":true,""mapRoot"":""http://www.typescriptlang.org/"",""sourceMap"":true,""sourceRoot"":""http://typescript.codeplex.com/""} || project/maprootUrlsourcerootUrlSubfolderSpecifyOutputDirectory.json:{""scenario"":""[Sourcemap]/[Maproot-Url]/[Sourceroot-Url]: outputdir_subfolder: specify outputDirectory"",""inputFiles"":[""test.ts""],""declaration"":true,""mapRoot"":""http://www.typescriptlang.org/"",""outDir"":""outdir/simple"",""sourceMap"":true,""sourceRoot"":""http://typescript.codeplex.com/""} || project/maprootUrlsourcerootUrlSubfolderSpecifyOutputFile.json:{""scenario"":""[Sourcemap]/[Maproot-Url]/[Sourceroot-Url]: outputdir_subfolder: specify outputFile"",""inputFiles"":[""test.ts""],""declaration"":true,""mapRoot"":""http://www.typescriptlang.org/"",""outFile"":""bin/test.js"",""sourceMap"":true,""sourceRoot"":""http://typescript.codeplex.com/""} || project/outSubfolderNoOutdir.json:{""scenario"":""outputdir_subfolder: no outdir"",""inputFiles"":[""test.ts""],""declaration"":true} || project/outSubfolderSpecifyOutputDirectory.json:{""scenario"":""outputdir_subfolder: specify outputDirectory"",""inputFiles"":[""test.ts""],""declaration"":true,""outDir"":""outdir/simple""} || project/outSubfolderSpecifyOutputFile.json:{""scenario"":""outputdir_subfolder: specify outputFile"",""inputFiles"":[""test.ts""],""declaration"":true,""outFile"":""bin/test.js""} || project/sourceRootAbsolutePathSubfolderNoOutdir.json:{""scenario"":""[Sourcemap]/[Sourceroot-AbsolutePath]: outputdir_subfolder: no outdir"",""inputFiles"":[""test.ts""],""declaration"":true,""resolveSourceRoot"":true,""sourceMap"":true,""sourceRoot"":""tests/cases/projects/outputdir_subfolder/src""} || project/sourceRootAbsolutePathSubfolderSpecifyOutputDirectory.json:{""scenario"":""[Sourcemap]/[Sourceroot-AbsolutePath]: outputdir_subfolder: specify outputDirectory"",""inputFiles"":[""test.ts""],""declaration"":true,""outDir"":""outdir/simple"",""resolveSourceRoot"":true,""sourceMap"":true,""sourceRoot"":""tests/cases/projects/outputdir_subfolder/src""} || project/sourceRootAbsolutePathSubfolderSpecifyOutputFile.json:{""scenario"":""[Sourcemap]/[Sourceroot-AbsolutePath]: outputdir_subfolder: specify outputFile"",""inputFiles"":[""test.ts""],""declaration"":true,""outFile"":""bin/test.js"",""resolveSourceRoot"":true,""sourceMap"":true,""sourceRoot"":""tests/cases/projects/outputdir_subfolder/src""} || project/sourceRootRelativePathSubfolderNoOutdir.json:{""scenario"":""[Sourcemap]/[Sourceroot-RelativePath]: outputdir_subfolder: no outdir"",""inputFiles"":[""test.ts""],""declaration"":true,""sourceMap"":true,""sourceRoot"":""../src""} || project/sourceRootRelativePathSubfolderSpecifyOutputDirectory.json:{""scenario"":""[Sourcemap]/[Sourceroot-RelativePath]: outputdir_subfolder: specify outputDirectory"",""inputFiles"":[""test.ts""],""declaration"":true,""outDir"":""outdir/simple"",""sourceMap"":true,""sourceRoot"":""../src""} || project/sourceRootRelativePathSubfolderSpecifyOutputFile.json:{""scenario"":""[Sourcemap]/[Sourceroot-RelativePath]: outputdir_subfolder: specify outputFile"",""inputFiles"":[""test.ts""],""declaration"":true,""outFile"":""bin/test.js"",""sourceMap"":true,""sourceRoot"":""../src""} || project/sourcemapSubfolderNoOutdir.json:{""scenario"":""[Sourcemap]: outputdir_subfolder: no outdir"",""inputFiles"":[""test.ts""],""declaration"":true,""sourceMap"":true} || project/sourcemapSubfolderSpecifyOutputDirectory.json:{""scenario"":""[Sourcemap]: outputdir_subfolder: specify outputDirectory"",""inputFiles"":[""test.ts""],""declaration"":true,""outDir"":""outdir/simple"",""sourceMap"":true} || project/sourcemapSubfolderSpecifyOutputFile.json:{""scenario"":""[Sourcemap]: outputdir_subfolder: specify outputFile"",""inputFiles"":[""test.ts""],""declaration"":true,""outFile"":""bin/test.js"",""sourceMap"":true} || project/sourcerootUrlSubfolderNoOutdir.json:{""scenario"":""[Sourcemap]/[Sourceroot-Url]: outputdir_subfolder: no outdir"",""inputFiles"":[""test.ts""],""declaration"":true,""sourceMap"":true,""sourceRoot"":""http://typescript.codeplex.com/""} || project/sourcerootUrlSubfolderSpecifyOutputDirectory.json:{""scenario"":""[Sourcemap]/[Sourceroot-Url]: outputdir_subfolder: specify outputDirectory"",""inputFiles"":[""test.ts""],""declaration"":true,""outDir"":""outdir/simple"",""sourceMap"":true,""sourceRoot"":""http://typescript.codeplex.com/""} || project/sourcerootUrlSubfolderSpecifyOutputFile.json:{""scenario"":""[Sourcemap]/[Sourceroot-Url]: outputdir_subfolder: specify outputFile"",""inputFiles"":[""test.ts""],""declaration"":true,""outFile"":""bin/test.js"",""sourceMap"":true,""sourceRoot"":""http://typescript.codeplex.com/""} || checked_in_tsconfig=none"	explicit runner input or project input	TS-Go 7.0.2 with project/outSubfolderSpecifyOutputDirectory.json emits outdir/simple/ref/m1.js; project/sourceRootRelativePathSubfolderSpecifyOutputDirectory.json writes sourceRoot=../src/ in test.js.map.	should_preserve_referenced_source_subdirectory_given_out_dir_project_option_when_running_compiler_cli;should_emit_source_root_in_source_map_given_out_dir_and_source_map_when_running_compiler_cli	oracle-verified; mapped to focused Rust tests for referenced output layout and sourceRoot
projects	projects/privacyCheck-ImportInParent/mExported.ts	privacy Check on imported module - import statement in parent module	project/privacyCheckOnImportedModuleImportStatementInParentModule.json	"runner=project/privacyCheckOnImportedModuleImportStatementInParentModule.json:{""scenario"":""privacy Check on imported module - import statement in parent module"",""inputFiles"":[""test.ts""]} || checked_in_tsconfig=none"	fixture under a runner project root; exact input selection/options are listed per case	Oracle gap: pinned TS-Go sparse checkout has no project-suite reference baseline for this fixture; runner JSON supplies scenario/options only, and this case has not been independently executed through TS-Go CLI.		mapped to upstream runner case(s); pending focused Rust behavior test and direct oracle check
projects	projects/privacyCheck-ImportInParent/mNonExported.ts	privacy Check on imported module - import statement in parent module	project/privacyCheckOnImportedModuleImportStatementInParentModule.json	"runner=project/privacyCheckOnImportedModuleImportStatementInParentModule.json:{""scenario"":""privacy Check on imported module - import statement in parent module"",""inputFiles"":[""test.ts""]} || checked_in_tsconfig=none"	fixture under a runner project root; exact input selection/options are listed per case	Oracle gap: pinned TS-Go sparse checkout has no project-suite reference baseline for this fixture; runner JSON supplies scenario/options only, and this case has not been independently executed through TS-Go CLI.		mapped to upstream runner case(s); pending focused Rust behavior test and direct oracle check
projects	projects/privacyCheck-ImportInParent/test.ts	privacy Check on imported module - import statement in parent module	project/privacyCheckOnImportedModuleImportStatementInParentModule.json	"runner=project/privacyCheckOnImportedModuleImportStatementInParentModule.json:{""scenario"":""privacy Check on imported module - import statement in parent module"",""inputFiles"":[""test.ts""]} || checked_in_tsconfig=none"	explicit runner input or project input	Oracle gap: pinned TS-Go sparse checkout has no project-suite reference baseline for this fixture; runner JSON supplies scenario/options only, and this case has not been independently executed through TS-Go CLI.		mapped to upstream runner case(s); pending focused Rust behavior test and direct oracle check
projects	projects/privacyCheck-IndirectReference/externalModule.ts	privacy Check on indirect type from the external type	project/privacyCheckOnIndirectTypeFromTheExternalType.json	"runner=project/privacyCheckOnIndirectTypeFromTheExternalType.json:{""scenario"":""privacy Check on indirect type from the external type"",""inputFiles"":[""test.ts""]} || checked_in_tsconfig=none"	fixture under a runner project root; exact input selection/options are listed per case	Oracle gap: pinned TS-Go sparse checkout has no project-suite reference baseline for this fixture; runner JSON supplies scenario/options only, and this case has not been independently executed through TS-Go CLI.		mapped to upstream runner case(s); pending focused Rust behavior test and direct oracle check
projects	projects/privacyCheck-IndirectReference/indirectExternalModule.ts	privacy Check on indirect type from the external type	project/privacyCheckOnIndirectTypeFromTheExternalType.json	"runner=project/privacyCheckOnIndirectTypeFromTheExternalType.json:{""scenario"":""privacy Check on indirect type from the external type"",""inputFiles"":[""test.ts""]} || checked_in_tsconfig=none"	fixture under a runner project root; exact input selection/options are listed per case	Oracle gap: pinned TS-Go sparse checkout has no project-suite reference baseline for this fixture; runner JSON supplies scenario/options only, and this case has not been independently executed through TS-Go CLI.		mapped to upstream runner case(s); pending focused Rust behavior test and direct oracle check
projects	projects/privacyCheck-IndirectReference/test.ts	privacy Check on indirect type from the external type	project/privacyCheckOnIndirectTypeFromTheExternalType.json	"runner=project/privacyCheckOnIndirectTypeFromTheExternalType.json:{""scenario"":""privacy Check on indirect type from the external type"",""inputFiles"":[""test.ts""]} || checked_in_tsconfig=none"	explicit runner input or project input	Oracle gap: pinned TS-Go sparse checkout has no project-suite reference baseline for this fixture; runner JSON supplies scenario/options only, and this case has not been independently executed through TS-Go CLI.		mapped to upstream runner case(s); pending focused Rust behavior test and direct oracle check
projects	projects/privacyCheck-InsideModule/mExported.ts	privacy Check on imported module - declarations inside module | privacy Check on imported module - declarations inside non exported module	project/privacyCheckOnImportedModuleDeclarationsInsideModule.json;project/privacyCheckOnImportedModuleDeclarationsInsideNonExportedModule.json	"runner=project/privacyCheckOnImportedModuleDeclarationsInsideModule.json:{""scenario"":""privacy Check on imported module - declarations inside module"",""inputFiles"":[""testGlo.ts""]} || project/privacyCheckOnImportedModuleDeclarationsInsideNonExportedModule.json:{""scenario"":""privacy Check on imported module - declarations inside non exported module"",""inputFiles"":[""test.ts""]} || checked_in_tsconfig=none"	fixture under a runner project root; exact input selection/options are listed per case	Oracle gap: pinned TS-Go sparse checkout has no project-suite reference baseline for this fixture; runner JSON supplies scenario/options only, and this case has not been independently executed through TS-Go CLI.		mapped to upstream runner case(s); pending focused Rust behavior test and direct oracle check
projects	projects/privacyCheck-InsideModule/mNonExported.ts	privacy Check on imported module - declarations inside module | privacy Check on imported module - declarations inside non exported module	project/privacyCheckOnImportedModuleDeclarationsInsideModule.json;project/privacyCheckOnImportedModuleDeclarationsInsideNonExportedModule.json	"runner=project/privacyCheckOnImportedModuleDeclarationsInsideModule.json:{""scenario"":""privacy Check on imported module - declarations inside module"",""inputFiles"":[""testGlo.ts""]} || project/privacyCheckOnImportedModuleDeclarationsInsideNonExportedModule.json:{""scenario"":""privacy Check on imported module - declarations inside non exported module"",""inputFiles"":[""test.ts""]} || checked_in_tsconfig=none"	fixture under a runner project root; exact input selection/options are listed per case	Oracle gap: pinned TS-Go sparse checkout has no project-suite reference baseline for this fixture; runner JSON supplies scenario/options only, and this case has not been independently executed through TS-Go CLI.		mapped to upstream runner case(s); pending focused Rust behavior test and direct oracle check
projects	projects/privacyCheck-InsideModule/test.ts	privacy Check on imported module - declarations inside module | privacy Check on imported module - declarations inside non exported module	project/privacyCheckOnImportedModuleDeclarationsInsideModule.json;project/privacyCheckOnImportedModuleDeclarationsInsideNonExportedModule.json	"runner=project/privacyCheckOnImportedModuleDeclarationsInsideModule.json:{""scenario"":""privacy Check on imported module - declarations inside module"",""inputFiles"":[""testGlo.ts""]} || project/privacyCheckOnImportedModuleDeclarationsInsideNonExportedModule.json:{""scenario"":""privacy Check on imported module - declarations inside non exported module"",""inputFiles"":[""test.ts""]} || checked_in_tsconfig=none"	explicit runner input or project input	Oracle gap: pinned TS-Go sparse checkout has no project-suite reference baseline for this fixture; runner JSON supplies scenario/options only, and this case has not been independently executed through TS-Go CLI.		mapped to upstream runner case(s); pending focused Rust behavior test and direct oracle check
projects	projects/privacyCheck-InsideModule/testGlo.ts	privacy Check on imported module - declarations inside module | privacy Check on imported module - declarations inside non exported module	project/privacyCheckOnImportedModuleDeclarationsInsideModule.json;project/privacyCheckOnImportedModuleDeclarationsInsideNonExportedModule.json	"runner=project/privacyCheckOnImportedModuleDeclarationsInsideModule.json:{""scenario"":""privacy Check on imported module - declarations inside module"",""inputFiles"":[""testGlo.ts""]} || project/privacyCheckOnImportedModuleDeclarationsInsideNonExportedModule.json:{""scenario"":""privacy Check on imported module - declarations inside non exported module"",""inputFiles"":[""test.ts""]} || checked_in_tsconfig=none"	explicit runner input or project input	Oracle gap: pinned TS-Go sparse checkout has no project-suite reference baseline for this fixture; runner JSON supplies scenario/options only, and this case has not been independently executed through TS-Go CLI.		mapped to upstream runner case(s); pending focused Rust behavior test and direct oracle check
projects	projects/privacyCheck-SimpleReference/mExported.ts	privacy Check on imported module - simple reference	project/privacyCheckOnImportedModuleSimpleReference.json	"runner=project/privacyCheckOnImportedModuleSimpleReference.json:{""scenario"":""privacy Check on imported module - simple reference"",""inputFiles"":[""test.ts""]} || checked_in_tsconfig=none"	fixture under a runner project root; exact input selection/options are listed per case	Oracle gap: pinned TS-Go sparse checkout has no project-suite reference baseline for this fixture; runner JSON supplies scenario/options only, and this case has not been independently executed through TS-Go CLI.		mapped to upstream runner case(s); pending focused Rust behavior test and direct oracle check
projects	projects/privacyCheck-SimpleReference/mNonExported.ts	privacy Check on imported module - simple reference	project/privacyCheckOnImportedModuleSimpleReference.json	"runner=project/privacyCheckOnImportedModuleSimpleReference.json:{""scenario"":""privacy Check on imported module - simple reference"",""inputFiles"":[""test.ts""]} || checked_in_tsconfig=none"	fixture under a runner project root; exact input selection/options are listed per case	Oracle gap: pinned TS-Go sparse checkout has no project-suite reference baseline for this fixture; runner JSON supplies scenario/options only, and this case has not been independently executed through TS-Go CLI.		mapped to upstream runner case(s); pending focused Rust behavior test and direct oracle check
projects	projects/privacyCheck-SimpleReference/test.ts	privacy Check on imported module - simple reference	project/privacyCheckOnImportedModuleSimpleReference.json	"runner=project/privacyCheckOnImportedModuleSimpleReference.json:{""scenario"":""privacy Check on imported module - simple reference"",""inputFiles"":[""test.ts""]} || checked_in_tsconfig=none"	explicit runner input or project input	Pinned TS-Go 7.0.2 on a reduced relative import-equals project emits import lib = require('./lib'); and export declare const value: lib.Item;. The original bare-import project still needs runner resolution context.	should_preserve_import_equals_alias_given_exported_imported_type_when_emitting_declarations	oracle-verified reduced declaration behavior; remaining project privacy behavior is pending
projects	projects/projectOption/DefaultExcludeNodeModulesAndOutDir/OutDir/a.d.ts	Verify default exclude property in project option	project/defaultExcludeNodeModulesAndOutDir.json	"runner=project/defaultExcludeNodeModulesAndOutDir.json:{""scenario"":""Verify default exclude property in project option"",""declaration"":true} || checked_in_tsconfig=projects/projectOption/DefaultExcludeNodeModulesAndOutDir/tsconfig.json={""compilerOptions"":{""outDir"":""OutDir"",""declaration"":true}}"	fixture candidate for default/explicit exclusion scenario; runner configuration determines whether compiled	Oracle gap: pinned TS-Go sparse checkout has no project-suite reference baseline for this fixture; runner JSON supplies scenario/options only, and this case has not been independently executed through TS-Go CLI.		mapped to upstream runner case(s); pending focused Rust behavior test and direct oracle check
projects	projects/projectOption/DefaultExcludeNodeModulesAndOutDir/a.ts	Verify default exclude property in project option	project/defaultExcludeNodeModulesAndOutDir.json	"runner=project/defaultExcludeNodeModulesAndOutDir.json:{""scenario"":""Verify default exclude property in project option"",""declaration"":true} || checked_in_tsconfig=projects/projectOption/DefaultExcludeNodeModulesAndOutDir/tsconfig.json={""compilerOptions"":{""outDir"":""OutDir"",""declaration"":true}}"	fixture under a runner project root; exact input selection/options are listed per case	TS-Go 7.0.2 `--listFiles` includes `a.ts` and excludes a deliberately invalid TypeScript file placed under `OutDir`; TSRZL also completes without its TS2322 diagnostic.	should_exclude_output_directory_from_implicit_roots_given_out_dir_option_when_running_compiler_cli	oracle-verified-green-behavior-test
projects	projects/projectOption/DefaultExcludeNodeModulesAndOutDir/node_modules/myLib/myLib.d.ts	Verify default exclude property in project option	project/defaultExcludeNodeModulesAndOutDir.json	"runner=project/defaultExcludeNodeModulesAndOutDir.json:{""scenario"":""Verify default exclude property in project option"",""declaration"":true} || checked_in_tsconfig=projects/projectOption/DefaultExcludeNodeModulesAndOutDir/tsconfig.json={""compilerOptions"":{""outDir"":""OutDir"",""declaration"":true}}"	fixture candidate for default/explicit exclusion scenario; runner configuration determines whether compiled	Oracle gap: pinned TS-Go sparse checkout has no project-suite reference baseline for this fixture; runner JSON supplies scenario/options only, and this case has not been independently executed through TS-Go CLI.		mapped to upstream runner case(s); pending focused Rust behavior test and direct oracle check
projects	projects/projectOption/DefaultExcludeNodeModulesAndOutDirWithAllowJS/OutDir/a.d.ts	Verify default exclude property in project option	project/defaultExcludeNodeModulesAndOutDirWithAllowJS.json	"runner=project/defaultExcludeNodeModulesAndOutDirWithAllowJS.json:{""scenario"":""Verify default exclude property in project option""} || checked_in_tsconfig=projects/projectOption/DefaultExcludeNodeModulesAndOutDirWithAllowJS/tsconfig.json={""compilerOptions"":{""outDir"":""OutDir"",""allowJs"":true}}"	fixture candidate for default/explicit exclusion scenario; runner configuration determines whether compiled	Oracle gap: pinned TS-Go sparse checkout has no project-suite reference baseline for this fixture; runner JSON supplies scenario/options only, and this case has not been independently executed through TS-Go CLI.		mapped to upstream runner case(s); pending focused Rust behavior test and direct oracle check
projects	projects/projectOption/DefaultExcludeNodeModulesAndOutDirWithAllowJS/a.ts	Verify default exclude property in project option	project/defaultExcludeNodeModulesAndOutDirWithAllowJS.json	"runner=project/defaultExcludeNodeModulesAndOutDirWithAllowJS.json:{""scenario"":""Verify default exclude property in project option""} || checked_in_tsconfig=projects/projectOption/DefaultExcludeNodeModulesAndOutDirWithAllowJS/tsconfig.json={""compilerOptions"":{""outDir"":""OutDir"",""allowJs"":true}}"	fixture under a runner project root; exact input selection/options are listed per case	Oracle gap: pinned TS-Go sparse checkout has no project-suite reference baseline for this fixture; runner JSON supplies scenario/options only, and this case has not been independently executed through TS-Go CLI.		mapped to upstream runner case(s); pending focused Rust behavior test and direct oracle check
projects	projects/projectOption/DefaultExcludeNodeModulesAndOutDirWithAllowJS/node_modules/myLib/myLib.d.ts	Verify default exclude property in project option	project/defaultExcludeNodeModulesAndOutDirWithAllowJS.json	"runner=project/defaultExcludeNodeModulesAndOutDirWithAllowJS.json:{""scenario"":""Verify default exclude property in project option""} || checked_in_tsconfig=projects/projectOption/DefaultExcludeNodeModulesAndOutDirWithAllowJS/tsconfig.json={""compilerOptions"":{""outDir"":""OutDir"",""allowJs"":true}}"	fixture candidate for default/explicit exclusion scenario; runner configuration determines whether compiled	Oracle gap: pinned TS-Go sparse checkout has no project-suite reference baseline for this fixture; runner JSON supplies scenario/options only, and this case has not been independently executed through TS-Go CLI.		mapped to upstream runner case(s); pending focused Rust behavior test and direct oracle check
projects	projects/projectOption/DefaultExcludeNodeModulesAndRelativePathOutDir/OutDir/a.d.ts	Verify default exclude property with relative path for 'outDir' in project option	project/defaultExcludeNodeModulesAndRelativePathOutDir.json	"runner=project/defaultExcludeNodeModulesAndRelativePathOutDir.json:{""scenario"":""Verify default exclude property with relative path for 'outDir' in project option"",""declaration"":true} || checked_in_tsconfig=projects/projectOption/DefaultExcludeNodeModulesAndRelativePathOutDir/tsconfig.json={""compilerOptions"":{""outDir"":""./OutDir"",""declaration"":true}}"	fixture candidate for default/explicit exclusion scenario; runner configuration determines whether compiled	Oracle gap: pinned TS-Go sparse checkout has no project-suite reference baseline for this fixture; runner JSON supplies scenario/options only, and this case has not been independently executed through TS-Go CLI.		mapped to upstream runner case(s); pending focused Rust behavior test and direct oracle check
projects	projects/projectOption/DefaultExcludeNodeModulesAndRelativePathOutDir/a.ts	Verify default exclude property with relative path for 'outDir' in project option	project/defaultExcludeNodeModulesAndRelativePathOutDir.json	"runner=project/defaultExcludeNodeModulesAndRelativePathOutDir.json:{""scenario"":""Verify default exclude property with relative path for 'outDir' in project option"",""declaration"":true} || checked_in_tsconfig=projects/projectOption/DefaultExcludeNodeModulesAndRelativePathOutDir/tsconfig.json={""compilerOptions"":{""outDir"":""./OutDir"",""declaration"":true}}"	fixture under a runner project root; exact input selection/options are listed per case	Oracle gap: pinned TS-Go sparse checkout has no project-suite reference baseline for this fixture; runner JSON supplies scenario/options only, and this case has not been independently executed through TS-Go CLI.		mapped to upstream runner case(s); pending focused Rust behavior test and direct oracle check
projects	projects/projectOption/DefaultExcludeNodeModulesAndRelativePathOutDir/node_modules/myLib/myLib.d.ts	Verify default exclude property with relative path for 'outDir' in project option	project/defaultExcludeNodeModulesAndRelativePathOutDir.json	"runner=project/defaultExcludeNodeModulesAndRelativePathOutDir.json:{""scenario"":""Verify default exclude property with relative path for 'outDir' in project option"",""declaration"":true} || checked_in_tsconfig=projects/projectOption/DefaultExcludeNodeModulesAndRelativePathOutDir/tsconfig.json={""compilerOptions"":{""outDir"":""./OutDir"",""declaration"":true}}"	fixture candidate for default/explicit exclusion scenario; runner configuration determines whether compiled	Oracle gap: pinned TS-Go sparse checkout has no project-suite reference baseline for this fixture; runner JSON supplies scenario/options only, and this case has not been independently executed through TS-Go CLI.		mapped to upstream runner case(s); pending focused Rust behavior test and direct oracle check
projects	projects/projectOption/DefaultExcludeNodeModulesAndRelativePathOutDirWithAllowJS/OutDir/a.d.ts	Verify default exclude property with relative path for 'outDir' in project option	project/defaultExcludeNodeModulesAndRelativePathOutDirWithAllowJS.json	"runner=project/defaultExcludeNodeModulesAndRelativePathOutDirWithAllowJS.json:{""scenario"":""Verify default exclude property with relative path for 'outDir' in project option""} || checked_in_tsconfig=projects/projectOption/DefaultExcludeNodeModulesAndRelativePathOutDirWithAllowJS/tsconfig.json={""compilerOptions"":{""outDir"":""./OutDir"",""allowJs"":true}}"	fixture candidate for default/explicit exclusion scenario; runner configuration determines whether compiled	Oracle gap: pinned TS-Go sparse checkout has no project-suite reference baseline for this fixture; runner JSON supplies scenario/options only, and this case has not been independently executed through TS-Go CLI.		mapped to upstream runner case(s); pending focused Rust behavior test and direct oracle check
projects	projects/projectOption/DefaultExcludeNodeModulesAndRelativePathOutDirWithAllowJS/a.ts	Verify default exclude property with relative path for 'outDir' in project option	project/defaultExcludeNodeModulesAndRelativePathOutDirWithAllowJS.json	"runner=project/defaultExcludeNodeModulesAndRelativePathOutDirWithAllowJS.json:{""scenario"":""Verify default exclude property with relative path for 'outDir' in project option""} || checked_in_tsconfig=projects/projectOption/DefaultExcludeNodeModulesAndRelativePathOutDirWithAllowJS/tsconfig.json={""compilerOptions"":{""outDir"":""./OutDir"",""allowJs"":true}}"	fixture under a runner project root; exact input selection/options are listed per case	Oracle gap: pinned TS-Go sparse checkout has no project-suite reference baseline for this fixture; runner JSON supplies scenario/options only, and this case has not been independently executed through TS-Go CLI.		mapped to upstream runner case(s); pending focused Rust behavior test and direct oracle check
projects	projects/projectOption/DefaultExcludeNodeModulesAndRelativePathOutDirWithAllowJS/node_modules/myLib/myLib.d.ts	Verify default exclude property with relative path for 'outDir' in project option	project/defaultExcludeNodeModulesAndRelativePathOutDirWithAllowJS.json	"runner=project/defaultExcludeNodeModulesAndRelativePathOutDirWithAllowJS.json:{""scenario"":""Verify default exclude property with relative path for 'outDir' in project option""} || checked_in_tsconfig=projects/projectOption/DefaultExcludeNodeModulesAndRelativePathOutDirWithAllowJS/tsconfig.json={""compilerOptions"":{""outDir"":""./OutDir"",""allowJs"":true}}"	fixture candidate for default/explicit exclusion scenario; runner configuration determines whether compiled	Oracle gap: pinned TS-Go sparse checkout has no project-suite reference baseline for this fixture; runner JSON supplies scenario/options only, and this case has not been independently executed through TS-Go CLI.		mapped to upstream runner case(s); pending focused Rust behavior test and direct oracle check
projects	projects/projectOption/DefaultExcludeOnlyNodeModules/a.ts	Verify default exclude property with only node_modules in project option	project/defaultExcludeOnlyNodeModules.json	"runner=project/defaultExcludeOnlyNodeModules.json:{""scenario"":""Verify default exclude property with only node_modules in project option"",""declaration"":true} || checked_in_tsconfig=projects/projectOption/DefaultExcludeOnlyNodeModules/tsconfig.json={""compilerOptions"":{""target"":""es5""}}"	fixture under a runner project root; exact input selection/options are listed per case	Oracle gap: pinned TS-Go sparse checkout has no project-suite reference baseline for this fixture; runner JSON supplies scenario/options only, and this case has not been independently executed through TS-Go CLI.		mapped to upstream runner case(s); pending focused Rust behavior test and direct oracle check
projects	projects/projectOption/DefaultExcludeOnlyNodeModules/node_modules/myLib/myLib.d.ts	Verify default exclude property with only node_modules in project option	project/defaultExcludeOnlyNodeModules.json	"runner=project/defaultExcludeOnlyNodeModules.json:{""scenario"":""Verify default exclude property with only node_modules in project option"",""declaration"":true} || checked_in_tsconfig=projects/projectOption/DefaultExcludeOnlyNodeModules/tsconfig.json={""compilerOptions"":{""target"":""es5""}}"	fixture candidate for default/explicit exclusion scenario; runner configuration determines whether compiled	Oracle gap: pinned TS-Go sparse checkout has no project-suite reference baseline for this fixture; runner JSON supplies scenario/options only, and this case has not been independently executed through TS-Go CLI.		mapped to upstream runner case(s); pending focused Rust behavior test and direct oracle check
projects	projects/projectOption/SpecifyExcludeUsingRelativePath/OutDir/a.d.ts	Verify exclude property without using relative path	project/specifyExcludeUsingRelativepath.json	"runner=project/specifyExcludeUsingRelativepath.json:{""scenario"":""Verify exclude property without using relative path"",""declaration"":true} || checked_in_tsconfig=projects/projectOption/SpecifyExcludeUsingRelativePath/tsconfig.json={""exclude"":[""./node_modules"",""./OutDir""],""compilerOptions"":{""outDir"":""./OutDir"",""declaration"":true}}"	fixture candidate for default/explicit exclusion scenario; runner configuration determines whether compiled	Oracle gap: pinned TS-Go sparse checkout has no project-suite reference baseline for this fixture; runner JSON supplies scenario/options only, and this case has not been independently executed through TS-Go CLI.		mapped to upstream runner case(s); pending focused Rust behavior test and direct oracle check
projects	projects/projectOption/SpecifyExcludeUsingRelativePath/a.ts	Verify exclude property without using relative path	project/specifyExcludeUsingRelativepath.json	"runner=project/specifyExcludeUsingRelativepath.json:{""scenario"":""Verify exclude property without using relative path"",""declaration"":true} || checked_in_tsconfig=projects/projectOption/SpecifyExcludeUsingRelativePath/tsconfig.json={""exclude"":[""./node_modules"",""./OutDir""],""compilerOptions"":{""outDir"":""./OutDir"",""declaration"":true}}"	fixture under a runner project root; exact input selection/options are listed per case	Oracle gap: pinned TS-Go sparse checkout has no project-suite reference baseline for this fixture; runner JSON supplies scenario/options only, and this case has not been independently executed through TS-Go CLI.		mapped to upstream runner case(s); pending focused Rust behavior test and direct oracle check
projects	projects/projectOption/SpecifyExcludeUsingRelativePath/node_modules/myLib/myLib.d.ts	Verify exclude property without using relative path	project/specifyExcludeUsingRelativepath.json	"runner=project/specifyExcludeUsingRelativepath.json:{""scenario"":""Verify exclude property without using relative path"",""declaration"":true} || checked_in_tsconfig=projects/projectOption/SpecifyExcludeUsingRelativePath/tsconfig.json={""exclude"":[""./node_modules"",""./OutDir""],""compilerOptions"":{""outDir"":""./OutDir"",""declaration"":true}}"	fixture candidate for default/explicit exclusion scenario; runner configuration determines whether compiled	Oracle gap: pinned TS-Go sparse checkout has no project-suite reference baseline for this fixture; runner JSON supplies scenario/options only, and this case has not been independently executed through TS-Go CLI.		mapped to upstream runner case(s); pending focused Rust behavior test and direct oracle check
projects	projects/projectOption/SpecifyExcludeUsingRelativePathWithAllowJS/OutDir/a.d.ts	Verify exclude property without using relative path	project/specifyExcludeUsingRelativepathWithAllowJS.json	"runner=project/specifyExcludeUsingRelativepathWithAllowJS.json:{""scenario"":""Verify exclude property without using relative path""} || checked_in_tsconfig=projects/projectOption/SpecifyExcludeUsingRelativePathWithAllowJS/tsconfig.json={""exclude"":[""./node_modules"",""./OutDir""],""compilerOptions"":{""outDir"":""./OutDir"",""allowJs"":true}}"	fixture candidate for default/explicit exclusion scenario; runner configuration determines whether compiled	Oracle gap: pinned TS-Go sparse checkout has no project-suite reference baseline for this fixture; runner JSON supplies scenario/options only, and this case has not been independently executed through TS-Go CLI.		mapped to upstream runner case(s); pending focused Rust behavior test and direct oracle check
projects	projects/projectOption/SpecifyExcludeUsingRelativePathWithAllowJS/a.ts	Verify exclude property without using relative path	project/specifyExcludeUsingRelativepathWithAllowJS.json	"runner=project/specifyExcludeUsingRelativepathWithAllowJS.json:{""scenario"":""Verify exclude property without using relative path""} || checked_in_tsconfig=projects/projectOption/SpecifyExcludeUsingRelativePathWithAllowJS/tsconfig.json={""exclude"":[""./node_modules"",""./OutDir""],""compilerOptions"":{""outDir"":""./OutDir"",""allowJs"":true}}"	fixture under a runner project root; exact input selection/options are listed per case	Oracle gap: pinned TS-Go sparse checkout has no project-suite reference baseline for this fixture; runner JSON supplies scenario/options only, and this case has not been independently executed through TS-Go CLI.		mapped to upstream runner case(s); pending focused Rust behavior test and direct oracle check
projects	projects/projectOption/SpecifyExcludeUsingRelativePathWithAllowJS/node_modules/myLib/myLib.d.ts	Verify exclude property without using relative path	project/specifyExcludeUsingRelativepathWithAllowJS.json	"runner=project/specifyExcludeUsingRelativepathWithAllowJS.json:{""scenario"":""Verify exclude property without using relative path""} || checked_in_tsconfig=projects/projectOption/SpecifyExcludeUsingRelativePathWithAllowJS/tsconfig.json={""exclude"":[""./node_modules"",""./OutDir""],""compilerOptions"":{""outDir"":""./OutDir"",""allowJs"":true}}"	fixture candidate for default/explicit exclusion scenario; runner configuration determines whether compiled	Oracle gap: pinned TS-Go sparse checkout has no project-suite reference baseline for this fixture; runner JSON supplies scenario/options only, and this case has not been independently executed through TS-Go CLI.		mapped to upstream runner case(s); pending focused Rust behavior test and direct oracle check
projects	projects/projectOption/SpecifyExcludeWithOutUsingRelativePath/OutDir/a.d.ts	Verify exclude property without using relative path	project/specifyExcludeWithOutUsingRelativePath.json	"runner=project/specifyExcludeWithOutUsingRelativePath.json:{""scenario"":""Verify exclude property without using relative path"",""declaration"":true} || checked_in_tsconfig=projects/projectOption/SpecifyExcludeWithOutUsingRelativePath/tsconfig.json={""exclude"":[""node_modules"",""OutDir""],""compilerOptions"":{""outDir"":""OutDir"",""declaration"":true}}"	fixture candidate for default/explicit exclusion scenario; runner configuration determines whether compiled	Oracle gap: pinned TS-Go sparse checkout has no project-suite reference baseline for this fixture; runner JSON supplies scenario/options only, and this case has not been independently executed through TS-Go CLI.		mapped to upstream runner case(s); pending focused Rust behavior test and direct oracle check
projects	projects/projectOption/SpecifyExcludeWithOutUsingRelativePath/a.ts	Verify exclude property without using relative path	project/specifyExcludeWithOutUsingRelativePath.json	"runner=project/specifyExcludeWithOutUsingRelativePath.json:{""scenario"":""Verify exclude property without using relative path"",""declaration"":true} || checked_in_tsconfig=projects/projectOption/SpecifyExcludeWithOutUsingRelativePath/tsconfig.json={""exclude"":[""node_modules"",""OutDir""],""compilerOptions"":{""outDir"":""OutDir"",""declaration"":true}}"	fixture under a runner project root; exact input selection/options are listed per case	Oracle gap: pinned TS-Go sparse checkout has no project-suite reference baseline for this fixture; runner JSON supplies scenario/options only, and this case has not been independently executed through TS-Go CLI.		mapped to upstream runner case(s); pending focused Rust behavior test and direct oracle check
projects	projects/projectOption/SpecifyExcludeWithOutUsingRelativePath/node_modules/myLib/myLib.d.ts	Verify exclude property without using relative path	project/specifyExcludeWithOutUsingRelativePath.json	"runner=project/specifyExcludeWithOutUsingRelativePath.json:{""scenario"":""Verify exclude property without using relative path"",""declaration"":true} || checked_in_tsconfig=projects/projectOption/SpecifyExcludeWithOutUsingRelativePath/tsconfig.json={""exclude"":[""node_modules"",""OutDir""],""compilerOptions"":{""outDir"":""OutDir"",""declaration"":true}}"	fixture candidate for default/explicit exclusion scenario; runner configuration determines whether compiled	Oracle gap: pinned TS-Go sparse checkout has no project-suite reference baseline for this fixture; runner JSON supplies scenario/options only, and this case has not been independently executed through TS-Go CLI.		mapped to upstream runner case(s); pending focused Rust behavior test and direct oracle check
projects	projects/projectOption/SpecifyExcludeWithOutUsingRelativePathWithAllowJS/OutDir/a.d.ts	Verify exclude property without using relative path	project/specifyExcludeWithOutUsingRelativePathWithAllowJS.json	"runner=project/specifyExcludeWithOutUsingRelativePathWithAllowJS.json:{""scenario"":""Verify exclude property without using relative path""} || checked_in_tsconfig=projects/projectOption/SpecifyExcludeWithOutUsingRelativePathWithAllowJS/tsconfig.json={""exclude"":[""node_modules"",""OutDir""],""compilerOptions"":{""outDir"":""OutDir"",""allowJs"":true}}"	fixture candidate for default/explicit exclusion scenario; runner configuration determines whether compiled	Oracle gap: pinned TS-Go sparse checkout has no project-suite reference baseline for this fixture; runner JSON supplies scenario/options only, and this case has not been independently executed through TS-Go CLI.		mapped to upstream runner case(s); pending focused Rust behavior test and direct oracle check
projects	projects/projectOption/SpecifyExcludeWithOutUsingRelativePathWithAllowJS/a.ts	Verify exclude property without using relative path	project/specifyExcludeWithOutUsingRelativePathWithAllowJS.json	"runner=project/specifyExcludeWithOutUsingRelativePathWithAllowJS.json:{""scenario"":""Verify exclude property without using relative path""} || checked_in_tsconfig=projects/projectOption/SpecifyExcludeWithOutUsingRelativePathWithAllowJS/tsconfig.json={""exclude"":[""node_modules"",""OutDir""],""compilerOptions"":{""outDir"":""OutDir"",""allowJs"":true}}"	fixture under a runner project root; exact input selection/options are listed per case	Oracle gap: pinned TS-Go sparse checkout has no project-suite reference baseline for this fixture; runner JSON supplies scenario/options only, and this case has not been independently executed through TS-Go CLI.		mapped to upstream runner case(s); pending focused Rust behavior test and direct oracle check
projects	projects/projectOption/SpecifyExcludeWithOutUsingRelativePathWithAllowJS/node_modules/myLib/myLib.d.ts	Verify exclude property without using relative path	project/specifyExcludeWithOutUsingRelativePathWithAllowJS.json	"runner=project/specifyExcludeWithOutUsingRelativePathWithAllowJS.json:{""scenario"":""Verify exclude property without using relative path""} || checked_in_tsconfig=projects/projectOption/SpecifyExcludeWithOutUsingRelativePathWithAllowJS/tsconfig.json={""exclude"":[""node_modules"",""OutDir""],""compilerOptions"":{""outDir"":""OutDir"",""allowJs"":true}}"	fixture candidate for default/explicit exclusion scenario; runner configuration determines whether compiled	Oracle gap: pinned TS-Go sparse checkout has no project-suite reference baseline for this fixture; runner JSON supplies scenario/options only, and this case has not been independently executed through TS-Go CLI.		mapped to upstream runner case(s); pending focused Rust behavior test and direct oracle check
projects	projects/projectOption/Test/a.ts	Verify project option	project/noProjectOptionAndInputFiles.json;project/projectOptionTest.json	"runner=project/noProjectOptionAndInputFiles.json:{""scenario"":""Verify project option"",""declaration"":true} || project/projectOptionTest.json:{""scenario"":""Verify project option"",""project"":""Test"",""declaration"":true} || checked_in_tsconfig=projects/projectOption/Test/tsconfig.json={""files"":[""a.ts""]}"	fixture under a runner project root; exact input selection/options are listed per case	Oracle gap: pinned TS-Go sparse checkout has no project-suite reference baseline for this fixture; runner JSON supplies scenario/options only, and this case has not been independently executed through TS-Go CLI.		mapped to upstream runner case(s); pending focused Rust behavior test and direct oracle check
projects	projects/projectOption/Test/b.ts	Verify project option	project/noProjectOptionAndInputFiles.json;project/projectOptionTest.json	"runner=project/noProjectOptionAndInputFiles.json:{""scenario"":""Verify project option"",""declaration"":true} || project/projectOptionTest.json:{""scenario"":""Verify project option"",""project"":""Test"",""declaration"":true} || checked_in_tsconfig=projects/projectOption/Test/tsconfig.json={""files"":[""a.ts""]}"	fixture under a runner project root; exact input selection/options are listed per case	Oracle gap: pinned TS-Go sparse checkout has no project-suite reference baseline for this fixture; runner JSON supplies scenario/options only, and this case has not been independently executed through TS-Go CLI.		mapped to upstream runner case(s); pending focused Rust behavior test and direct oracle check
projects	projects/reference-1/lib/classA.ts	nested reference tags	project/nestedReferenceTags.json	"runner=project/nestedReferenceTags.json:{""scenario"":""nested reference tags"",""inputFiles"":[""main.ts""]} || checked_in_tsconfig=none"	fixture under a runner project root; exact input selection/options are listed per case	Oracle gap: pinned TS-Go sparse checkout has no project-suite reference baseline for this fixture; runner JSON supplies scenario/options only, and this case has not been independently executed through TS-Go CLI.		mapped to upstream runner case(s); pending focused Rust behavior test and direct oracle check
projects	projects/reference-1/lib/classB.ts	nested reference tags	project/nestedReferenceTags.json	"runner=project/nestedReferenceTags.json:{""scenario"":""nested reference tags"",""inputFiles"":[""main.ts""]} || checked_in_tsconfig=none"	fixture under a runner project root; exact input selection/options are listed per case	Oracle gap: pinned TS-Go sparse checkout has no project-suite reference baseline for this fixture; runner JSON supplies scenario/options only, and this case has not been independently executed through TS-Go CLI.		mapped to upstream runner case(s); pending focused Rust behavior test and direct oracle check
projects	projects/reference-1/main.ts	nested reference tags	project/nestedReferenceTags.json	"runner=project/nestedReferenceTags.json:{""scenario"":""nested reference tags"",""inputFiles"":[""main.ts""]} || checked_in_tsconfig=none"	explicit runner input or project input	Oracle gap: pinned TS-Go sparse checkout has no project-suite reference baseline for this fixture; runner JSON supplies scenario/options only, and this case has not been independently executed through TS-Go CLI.		mapped to upstream runner case(s); pending focused Rust behavior test and direct oracle check
projects	projects/reference-path-static/lib.ts	Reference-path-static	project/referencePathStatic.json	"runner=project/referencePathStatic.json:{""scenario"":""Reference-path-static"",""inputFiles"":[""test.ts""]} || checked_in_tsconfig=none"	fixture under a runner project root; exact input selection/options are listed per case	TS-Go 7.0.2 --project resolves the static triple-slash path and accepts the referenced global type.	should_resolve_static_triple_slash_reference_given_global_type_when_compiling_project	oracle-verified; focused Rust project test is red with TS2304
projects	projects/reference-path-static/test.ts	Reference-path-static	project/referencePathStatic.json	"runner=project/referencePathStatic.json:{""scenario"":""Reference-path-static"",""inputFiles"":[""test.ts""]} || checked_in_tsconfig=none"	explicit runner input or project input	TS-Go 7.0.2 --project resolves the static triple-slash path and accepts the referenced global type.	should_resolve_static_triple_slash_reference_given_global_type_when_compiling_project	oracle-verified; focused Rust project test is red with TS2304
projects	projects/relative-global-ref/consume.ts	relative - global - ref	project/relativeGlobalRef.json	"runner=project/relativeGlobalRef.json:{""scenario"":""relative - global - ref"",""inputFiles"":[""consume.ts""]} || checked_in_tsconfig=none"	explicit runner input or project input	TS-Go 7.0.2 CLI resolves the referenced ambient module for an equivalent named ESM import project; original fixture's import-equals form remains separate.	should_resolve_referenced_ambient_module_given_named_import_when_running_compiler_cli	oracle-verified equivalent named-import case; focused Rust behavior test is red with TS2307
projects	projects/relative-global-ref/decl.d.ts	relative - global - ref	project/relativeGlobalRef.json	"runner=project/relativeGlobalRef.json:{""scenario"":""relative - global - ref"",""inputFiles"":[""consume.ts""]} || checked_in_tsconfig=none"	fixture under a runner project root; exact input selection/options are listed per case	Oracle gap: pinned TS-Go sparse checkout has no project-suite reference baseline for this fixture; runner JSON supplies scenario/options only, and this case has not been independently executed through TS-Go CLI.		mapped to upstream runner case(s); pending focused Rust behavior test and direct oracle check
projects	projects/relative-global/consume.ts	relative - global	project/relativeGlobal.json	"runner=project/relativeGlobal.json:{""scenario"":""relative - global"",""inputFiles"":[""consume.ts""],""runTest"":true} || checked_in_tsconfig=none"	explicit runner input or project input	TS-Go 7.0.2 CLI compiles the exact fixture sources with target=ES2015, module=commonjs, noImplicitAny=false, outDir=dist, and emits consume.js plus decl.js.	should_compile_relative_import_equals_dependency_given_project_root_when_running_compiler_cli	oracle-verified exact-source CLI case; focused Rust project test is red at import-equals parsing
projects	projects/relative-global/decl.ts	relative - global	project/relativeGlobal.json	"runner=project/relativeGlobal.json:{""scenario"":""relative - global"",""inputFiles"":[""consume.ts""],""runTest"":true} || checked_in_tsconfig=none"	fixture under a runner project root; exact input selection/options are listed per case	TS-Go 7.0.2 CLI compiles the exact fixture sources with target=ES2015, module=commonjs, noImplicitAny=false, outDir=dist, and emits consume.js plus decl.js.	should_compile_relative_import_equals_dependency_given_project_root_when_running_compiler_cli	oracle-verified exact-source CLI case; focused Rust project test is red at import-equals parsing
projects	projects/relative-nested-ref/decl.d.ts	relative - nested - ref	project/relativeNestedRef.json	"runner=project/relativeNestedRef.json:{""scenario"":""relative - nested - ref"",""inputFiles"":[""main/consume.ts""]} || checked_in_tsconfig=none"	fixture under a runner project root; exact input selection/options are listed per case	TS-Go 7.0.2 direct CLI on decl.d.ts reports TS7010 for the ambient function without a return annotation. The focused Rust test checks TS7010; relative triple-slash reference resolution remains unverified.	should_report_implicit_any_return_given_unannotated_ambient_function_when_compiling	oracle-verified TS7010 diagnostic; relative triple-slash reference resolution remains unverified
projects	projects/relative-nested-ref/main/consume.ts	relative - nested - ref	project/relativeNestedRef.json	"runner=project/relativeNestedRef.json:{""scenario"":""relative - nested - ref"",""inputFiles"":[""main/consume.ts""]} || checked_in_tsconfig=none"	explicit runner input or project input	Oracle gap: pinned TS-Go sparse checkout has no project-suite reference baseline for this fixture; runner JSON supplies scenario/options only, and this case has not been independently executed through TS-Go CLI.		mapped to upstream runner case(s); pending focused Rust behavior test and direct oracle check
projects	projects/relative-nested/app.ts	relative - nested	project/relativeNested.json	"runner=project/relativeNested.json:{""scenario"":""relative - nested"",""inputFiles"":[""app.ts""],""runTest"":true,""strict"":false} || checked_in_tsconfig=none"	explicit runner input or project input	TS-Go 7.0.2 --noEmit --strict false --module commonjs compiles the exact project root and resolves both relative import-equals dependencies.	should_resolve_nested_relative_import_equals_given_project_root_when_running_compiler_cli	oracle-verified exact-source CLI case; focused Rust project test is red at import-equals parsing
projects	projects/relative-nested/decl.ts	relative - nested	project/relativeNested.json	"runner=project/relativeNested.json:{""scenario"":""relative - nested"",""inputFiles"":[""app.ts""],""runTest"":true,""strict"":false} || checked_in_tsconfig=none"	fixture under a runner project root; exact input selection/options are listed per case	TS-Go 7.0.2 --noEmit --strict false --module commonjs compiles the exact project root and resolves both relative import-equals dependencies.	should_resolve_nested_relative_import_equals_given_project_root_when_running_compiler_cli	oracle-verified exact-source CLI case; focused Rust project test is red at import-equals parsing
projects	projects/relative-nested/main/consume.ts	relative - nested	project/relativeNested.json	"runner=project/relativeNested.json:{""scenario"":""relative - nested"",""inputFiles"":[""app.ts""],""runTest"":true,""strict"":false} || checked_in_tsconfig=none"	fixture under a runner project root; exact input selection/options are listed per case	TS-Go 7.0.2 --noEmit --strict false --module commonjs compiles the exact project root and resolves both relative import-equals dependencies.	should_resolve_nested_relative_import_equals_given_project_root_when_running_compiler_cli	oracle-verified exact-source CLI case; focused Rust project test is red at import-equals parsing
projects	projects/rootDirectory/FolderA/FolderB/FolderC/fileC.ts	rootDirectory: specify rootDirectory | rootDirectory: Files outside the rootDirectory | rootDirectory: specify rootDirectory with sourceRoot | rootDirectory: Files outside the rootDirectory without outDir	project/rootDirectory.json;project/rootDirectoryErrors.json;project/rootDirectoryWithSourceRoot.json;project/rootDirectoryWithoutOutDir.json	"runner=project/rootDirectory.json:{""scenario"":""rootDirectory: specify rootDirectory"",""inputFiles"":[""FolderA/FolderB/fileB.ts""],""declaration"":true,""outDir"":""outdir/simple"",""rootDir"":""FolderA"",""sourceMap"":true} || project/rootDirectoryErrors.json:{""scenario"":""rootDirectory: Files outside the rootDirectory"",""inputFiles"":[""FolderA/FolderB/fileB.ts""],""declaration"":true,""outDir"":""outdir/simple"",""rootDir"":""FolderA/FolderB/FolderC""} || project/rootDirectoryWithSourceRoot.json:{""scenario"":""rootDirectory: specify rootDirectory with sourceRoot"",""inputFiles"":[""FolderA/FolderB/fileB.ts""],""outDir"":""outdir/simple"",""rootDir"":""FolderA"",""sourceMap"":true,""sourceRoot"":""SourceRootPath""} || project/rootDirectoryWithoutOutDir.json:{""scenario"":""rootDirectory: Files outside the rootDirectory without outDir"",""inputFiles"":[""FolderA/FolderB/fileB.ts""],""rootDir"":""FolderA/FolderB/FolderC""} || checked_in_tsconfig=none"	fixture under a runner project root; exact input selection/options are listed per case	Same TS-Go rootDir run resolves fileC.ts inside rootDir; TS6059 applies to the referring fileB.ts.	should_report_source_outside_root_dir_given_project_root_dir_option_when_running_compiler_cli	oracle-verified; mapped to focused red Rust test
projects	projects/rootDirectory/FolderA/FolderB/fileB.ts	rootDirectory: specify rootDirectory | rootDirectory: Files outside the rootDirectory | rootDirectory: specify rootDirectory with sourceRoot | rootDirectory: Files outside the rootDirectory without outDir	project/rootDirectory.json;project/rootDirectoryErrors.json;project/rootDirectoryWithSourceRoot.json;project/rootDirectoryWithoutOutDir.json	"runner=project/rootDirectory.json:{""scenario"":""rootDirectory: specify rootDirectory"",""inputFiles"":[""FolderA/FolderB/fileB.ts""],""declaration"":true,""outDir"":""outdir/simple"",""rootDir"":""FolderA"",""sourceMap"":true} || project/rootDirectoryErrors.json:{""scenario"":""rootDirectory: Files outside the rootDirectory"",""inputFiles"":[""FolderA/FolderB/fileB.ts""],""declaration"":true,""outDir"":""outdir/simple"",""rootDir"":""FolderA/FolderB/FolderC""} || project/rootDirectoryWithSourceRoot.json:{""scenario"":""rootDirectory: specify rootDirectory with sourceRoot"",""inputFiles"":[""FolderA/FolderB/fileB.ts""],""outDir"":""outdir/simple"",""rootDir"":""FolderA"",""sourceMap"":true,""sourceRoot"":""SourceRootPath""} || project/rootDirectoryWithoutOutDir.json:{""scenario"":""rootDirectory: Files outside the rootDirectory without outDir"",""inputFiles"":[""FolderA/FolderB/fileB.ts""],""rootDir"":""FolderA/FolderB/FolderC""} || checked_in_tsconfig=none"	explicit runner input or project input	TS-Go 7.0.2 -p with pinned rootDir/outDir/declaration options reports TS6059 for fileB.ts.	should_report_source_outside_root_dir_given_project_root_dir_option_when_running_compiler_cli	oracle-verified; mapped to focused red Rust test
transpile	transpile/declarationAsyncAndGeneratorFunctions.ts	transpile/declarationAsyncAndGeneratorFunctions.ts		"directives=[""declaration=true"",""target=esnext""]; virtual_filenames=[]"	single physical and virtual source	Oracle gap: pinned TS-Go sparse checkout has no transpile-suite execution baseline; source directives define the TS scenario only, and this case has not been independently executed through TS-Go CLI.		mapped to pinned transpile source directives; pending focused Rust behavior test and direct oracle check
transpile	transpile/declarationBasicSyntax.ts	transpile/declarationBasicSyntax.ts		"directives=[""declaration=true"",""declarationMap=true,false"",""target=es6"",""filename=variables.ts"",""filename=interface.ts"",""filename=class.ts"",""filename=namespace.ts"",""filename=alias.ts""]; virtual_filenames=[""variables.ts"",""interface.ts"",""class.ts"",""namespace.ts"",""alias.ts""]"	one physical source containing 5 virtual input files	TS-Go 7.0.2 --declaration --declarationMap --target es6 emits input.d.ts.map.	should_emit_declaration_map_given_declaration_map_option_when_compiling	oracle-verified; mapped to focused red Rust test
transpile	transpile/declarationComputedPropertyNames.ts	transpile/declarationComputedPropertyNames.ts		"directives=[""declaration=true"",""emitDeclarationOnly=true"",""target=es6""]; virtual_filenames=[]"	single physical and virtual source	Oracle gap: pinned TS-Go sparse checkout has no transpile-suite execution baseline; source directives define the TS scenario only, and this case has not been independently executed through TS-Go CLI.		mapped to pinned transpile source directives; pending focused Rust behavior test and direct oracle check
transpile	transpile/declarationCrossFileInferences.ts	transpile/declarationCrossFileInferences.ts		"directives=[""target=es2015"",""module=commonjs"",""declaration=true"",""filename=defines.ts"",""filename=consumes.ts"",""filename=exposes.ts""]; virtual_filenames=[""defines.ts"",""consumes.ts"",""exposes.ts""]"	one physical source containing 3 virtual input files	"TS-Go 7.0.2 -p with the three pinned virtual files/options emits exposes.d.ts with value type import(""./defines.js"").A."	should_infer_cross_file_declaration_type_given_transitive_factory_call_when_compiling_sources	oracle-verified; mapped to focused red Rust test
transpile	transpile/declarationEmitPartialNodeReuse.ts	transpile/declarationEmitPartialNodeReuse.ts		"directives=[""strict=true"",""declaration=true"",""emitDeclarationOnly=true"",""target=es2020"",""filename=a.ts"",""filename=b.ts"",""filename=c.ts""]; virtual_filenames=[""a.ts"",""b.ts"",""c.ts""]"	one physical source containing 3 virtual input files	Oracle gap: pinned TS-Go sparse checkout has no transpile-suite execution baseline; source directives define the TS scenario only, and this case has not been independently executed through TS-Go CLI.		mapped to pinned transpile source directives; pending focused Rust behavior test and direct oracle check
transpile	transpile/declarationFunctionDeclarations.ts	transpile/declarationFunctionDeclarations.ts		"directives=[""declaration=true"",""target=esnext"",""strict=true"",""fileName=fnDecl.ts""]; virtual_filenames=[]"	single physical and virtual source	Oracle gap: pinned TS-Go sparse checkout has no transpile-suite execution baseline; source directives define the TS scenario only, and this case has not been independently executed through TS-Go CLI.		mapped to pinned transpile source directives; pending focused Rust behavior test and direct oracle check
transpile	transpile/declarationLinkedAliases.ts	transpile/declarationLinkedAliases.ts		"directives=[""target=es2015"",""module=commonjs"",""declaration=true""]; virtual_filenames=[]"	single physical and virtual source	Oracle gap: pinned TS-Go sparse checkout has no transpile-suite execution baseline; source directives define the TS scenario only, and this case has not been independently executed through TS-Go CLI.		mapped to pinned transpile source directives; pending focused Rust behavior test and direct oracle check
transpile	transpile/declarationLocalAliasOfImportAlias.ts	transpile/declarationLocalAliasOfImportAlias.ts		"directives=[""target=es2015"",""module=commonjs"",""declaration=true""]; virtual_filenames=[]"	single physical and virtual source	Oracle gap: pinned TS-Go sparse checkout has no transpile-suite execution baseline; source directives define the TS scenario only, and this case has not been independently executed through TS-Go CLI.		mapped to pinned transpile source directives; pending focused Rust behavior test and direct oracle check
transpile	transpile/declarationNotInScopeTypes.ts	transpile/declarationNotInScopeTypes.ts		"directives=[""declaration=true"",""target=es6"",""filename=variables.ts""]; virtual_filenames=[""variables.ts""]"	one physical source containing 1 virtual input files	Pinned TS-Go 7.0.2 CLI with --declaration --target es6 emits export declare function two(): empty-string literal type for the local type query.	should_emit_literal_return_type_given_local_type_query_when_emitting_declarations	oracle-verified; Rust test currently fails because typeof type-query syntax is unsupported
transpile	transpile/declarationPartialNodeReuseTypeOf.ts	transpile/declarationPartialNodeReuseTypeOf.ts		"directives=[""strict=true"",""declaration=true"",""emitDeclarationOnly=true"",""target=es2020"",""filename=a.ts"",""filename=b.ts"",""filename=c.ts""]; virtual_filenames=[""a.ts"",""b.ts"",""c.ts""]"	one physical source containing 3 virtual input files	Oracle gap: pinned TS-Go sparse checkout has no transpile-suite execution baseline; source directives define the TS scenario only, and this case has not been independently executed through TS-Go CLI.		mapped to pinned transpile source directives; pending focused Rust behavior test and direct oracle check
transpile	transpile/declarationRestParameters.ts	transpile/declarationRestParameters.ts		"directives=[""declaration=true"",""target=es2015"",""module=commonjs"",""emitDeclarationOnly=true"",""fileName=v1.ts"",""fileName=v2.ts""]; virtual_filenames=[]"	single physical and virtual source	Oracle gap: pinned TS-Go sparse checkout has no transpile-suite execution baseline; source directives define the TS scenario only, and this case has not been independently executed through TS-Go CLI.		mapped to pinned transpile source directives; pending focused Rust behavior test and direct oracle check
transpile	transpile/declarationSelfReferentialConstraint.ts	transpile/declarationSelfReferentialConstraint.ts		"directives=[""target=es2015"",""module=commonjs"",""declaration=true"",""emitDeclarationOnly=true""]; virtual_filenames=[]"	single physical and virtual source	Oracle gap: pinned TS-Go sparse checkout has no transpile-suite execution baseline; source directives define the TS scenario only, and this case has not been independently executed through TS-Go CLI.		mapped to pinned transpile source directives; pending focused Rust behavior test and direct oracle check
transpile	transpile/declarationSingleFileHasErrors.ts	transpile/declarationSingleFileHasErrors.ts		"directives=[""target=es2015"",""module=commonjs"",""declaration=true""]; virtual_filenames=[]"	single physical and virtual source	Oracle gap: pinned TS-Go sparse checkout has no transpile-suite execution baseline; source directives define the TS scenario only, and this case has not been independently executed through TS-Go CLI.		mapped to pinned transpile source directives; pending focused Rust behavior test and direct oracle check
transpile	transpile/declarationSingleFileHasErrorsReported.ts	transpile/declarationSingleFileHasErrorsReported.ts		"directives=[""target=es2015"",""module=commonjs"",""declaration=true"",""reportDiagnostics=true""]; virtual_filenames=[]"	single physical and virtual source	Oracle gap: pinned TS-Go sparse checkout has no transpile-suite execution baseline; source directives define the TS scenario only, and this case has not been independently executed through TS-Go CLI.		mapped to pinned transpile source directives; pending focused Rust behavior test and direct oracle check
transpile	transpile/declarationTypeParameterConstraint.ts	transpile/declarationTypeParameterConstraint.ts		"directives=[""target=es2015"",""module=commonjs"",""declaration=true""]; virtual_filenames=[]"	single physical and virtual source	Oracle gap: pinned TS-Go sparse checkout has no transpile-suite execution baseline; source directives define the TS scenario only, and this case has not been independently executed through TS-Go CLI.		mapped to pinned transpile source directives; pending focused Rust behavior test and direct oracle check
transpile	transpile/declarationTypeWithComputedName.ts	transpile/declarationTypeWithComputedName.ts		"directives=[""target=es2015"",""module=commonjs"",""declaration=true"",""emitDeclarationOnly=true""]; virtual_filenames=[]"	single physical and virtual source	Oracle gap: pinned TS-Go sparse checkout has no transpile-suite execution baseline; source directives define the TS scenario only, and this case has not been independently executed through TS-Go CLI.		mapped to pinned transpile source directives; pending focused Rust behavior test and direct oracle check
transpile	transpile/declarationUnresolvedGlobalReferencesNoErrors.ts	transpile/declarationUnresolvedGlobalReferencesNoErrors.ts		"directives=[""target=es2015"",""module=commonjs"",""declaration=true"",""emitDeclarationOnly=true""]; virtual_filenames=[]"	single physical and virtual source	Oracle gap: pinned TS-Go sparse checkout has no transpile-suite execution baseline; source directives define the TS scenario only, and this case has not been independently executed through TS-Go CLI.		mapped to pinned transpile source directives; pending focused Rust behavior test and direct oracle check
transpile	transpile/declarationUnresolvedTypeReference.ts	transpile/declarationUnresolvedTypeReference.ts		"directives=[""target=es2015"",""module=commonjs"",""declaration=true"",""emitDeclarationOnly=true""]; virtual_filenames=[]"	single physical and virtual source	Oracle gap: pinned TS-Go sparse checkout has no transpile-suite execution baseline; source directives define the TS scenario only, and this case has not been independently executed through TS-Go CLI.		mapped to pinned transpile source directives; pending focused Rust behavior test and direct oracle check
transpile	transpile/declarationUnresolvedTypeReference2.ts	transpile/declarationUnresolvedTypeReference2.ts		"directives=[""target=es2015"",""module=commonjs"",""declaration=true"",""emitDeclarationOnly=true"",""fileName=globals.ts"",""fileName=index.ts""]; virtual_filenames=[]"	single physical and virtual source	Oracle gap: pinned TS-Go sparse checkout has no transpile-suite execution baseline; source directives define the TS scenario only, and this case has not been independently executed through TS-Go CLI.		mapped to pinned transpile source directives; pending focused Rust behavior test and direct oracle check
transpile	transpile/declarationsSimple.ts	transpile/declarationsSimple.ts		"directives=[""target=es2015"",""module=commonjs"",""declaration=true""]; virtual_filenames=[]"	single physical and virtual source	Oracle gap: pinned TS-Go sparse checkout has no transpile-suite execution baseline; source directives define the TS scenario only, and this case has not been independently executed through TS-Go CLI.		mapped to pinned transpile source directives; pending focused Rust behavior test and direct oracle check
transpile	transpile/jsWithInlineSourceMapBasic.ts	transpile/jsWithInlineSourceMapBasic.ts		"directives=[""inlineSourceMap=true,false"",""target=es6"",""filename=variables.ts"",""filename=interface.ts"",""filename=class.ts"",""filename=namespace.ts"",""filename=alias.ts""]; virtual_filenames=[""variables.ts"",""interface.ts"",""class.ts"",""namespace.ts"",""alias.ts""]"	one physical source containing 5 virtual input files	TS-Go 7.0.2 --inlineSourceMap --target es6 emits a JS data:application/json;base64 sourceMappingURL.	should_emit_inline_source_map_given_inline_source_map_option_when_compiling	oracle-verified; mapped to focused red Rust test
transpile	transpile/jsWithSourceMapBasic.ts	transpile/jsWithSourceMapBasic.ts		"directives=[""sourceMap=true,false"",""target=es6"",""filename=variables.ts"",""filename=interface.ts"",""filename=class.ts"",""filename=namespace.ts"",""filename=alias.ts""]; virtual_filenames=[""variables.ts"",""interface.ts"",""class.ts"",""namespace.ts"",""alias.ts""]"	one physical source containing 5 virtual input files	Oracle gap: pinned TS-Go sparse checkout has no transpile-suite execution baseline; source directives define the TS scenario only, and this case has not been independently executed through TS-Go CLI.		mapped to pinned transpile source directives; pending focused Rust behavior test and direct oracle check
project-runner-gap	missing:projects/InvalidRootFile/{a,a.t,a.ts}	InvalidRootFile	project/invalidRootFile.json	"{""scenario"":""InvalidRootFile"",""projectRoot"":""tests/cases/projects/InvalidRootFile"",""inputFiles"":[""a"",""a.t"",""a.ts""]}"	runner case references source files absent from the sparse pinned project corpus	Oracle gap: project/invalidRootFile.json references tests/cases/projects/InvalidRootFile/{a,a.t,a.ts}, but that source directory is absent from the pinned checkout; no source or output baseline is available.		pending; missing-fixture oracle gap
